user_id,condition,n_trials,rating_partial_vs_standard,test_acc_standard,test_ll_standard,spearman_standard,topn_sign_standard,topn_overlap_standard,combined_standard,test_acc_projected,test_ll_projected,spearman_projected,topn_sign_projected,topn_overlap_projected,combined_projected,test_acc_partial,test_ll_partial,spearman_partial,topn_sign_partial,topn_overlap_partial,combined_partial
0,choice_only,20,0.5264751621634606,0.615,-0.6895171144086799,0.27967636372475496,0.5,0.5,0.13983818186237748,0.64,-0.6587890970028117,0.32207627892500934,0.5,0.5,0.16103813946250467,0.64,-0.6587890970028117,0.32207627892500934,0.5,0.5,0.16103813946250467
0,inference_affirm,20,0.9060609155917668,0.555,-0.6896433336122805,0.25603025717076694,0.3,0.4,-0.07198487141461654,0.66,-0.6617025158489297,0.2821225126786158,0.3,0.4,-0.0589387436606921,0.675,-0.6438010772465899,0.5626142593879911,0.6,0.5,0.38130712969399555
0,inference_categories,20,0.947845397287978,0.545,-0.6910253371978379,0.12842282007769362,0.2,0.4,-0.23578858996115318,0.555,-0.6693351604466962,0.14269202230854847,0.2,0.4,-0.22865398884572574,0.67,-0.6457467386031953,0.48841440778754586,0.6,0.5,0.3442072038937729
1,choice_only,20,0.5,0.775,-0.6828191810694357,0.5534675414335423,0.4,0.5,0.17673377071677115,0.835,-0.5897621414253613,0.5534675414335423,0.4,0.5,0.17673377071677115,0.835,-0.5897621414253613,0.5534675414335423,0.4,0.5,0.17673377071677115
1,inference_affirm,20,0.6923424379568119,0.775,-0.6820490202540702,0.5608966359494287,0.4,0.5,0.1804483179747144,0.84,-0.5851553636591903,0.5776120986101733,0.4,0.5,0.18880604930508665,0.705,-0.6303458015666957,0.6853339690905272,0.5,0.5,0.3426669845452636
1,inference_categories,20,0.5743167070668124,0.71,-0.6843776918683585,0.5729689145377442,0.5,0.5,0.2864844572688721,0.785,-0.6030476595174155,0.5924702876419463,0.5,0.5,0.29623514382097316,0.71,-0.6390450023860897,0.6927630636064136,0.5,0.6,0.3463815318032068
2,choice_only,20,0.5051324135636804,0.77,-0.6823338051677453,0.48246382066512544,0.3,0.5,0.04123191033256271,0.82,-0.5889352712171163,0.49067597080410624,0.3,0.6,0.04533798540205311,0.82,-0.5889352712171163,0.49067597080410624,0.3,0.6,0.04533798540205311
2,inference_affirm,20,0.2598744424159769,0.705,-0.6837176324093014,0.3079556302117822,0.3,0.3,-0.04602218489410892,0.75,-0.6085854304184183,0.35106941844143175,0.3,0.3,-0.024465290779284138,0.49,-0.6991525911195771,0.08930713276141683,0.2,0.4,-0.25534643361929155
2,inference_categories,20,0.20722317646540928,0.695,-0.685980530572403,0.5296836839642654,0.4,0.6,0.1648418419821327,0.8,-0.6179323396889534,0.5317367214990105,0.3,0.5,0.06586836074950525,0.54,-0.6877384994234208,0.19298552826605017,0.3,0.4,-0.10350723586697493
3,choice_only,20,0.49131670468554894,0.695,-0.6856294583121263,0.4342084214324217,0.3,0.3,0.01710421071621085,0.74,-0.6264977581013125,0.4203137519465842,0.3,0.3,0.010156875973292095,0.74,-0.6264977581013125,0.4203137519465842,0.3,0.3,0.010156875973292095
3,inference_affirm,20,0.6486007228308308,0.75,-0.6833175102623624,0.3421562360887483,0.3,0.4,-0.028921881955625867,0.765,-0.590919749047508,0.41249800036080064,0.4,0.5,0.10624900018040034,0.685,-0.6314872059466834,0.3873139119177202,0.4,0.4,0.09365695595886012
3,inference_categories,20,0.5562085031429627,0.645,-0.6882510651063157,0.4298663372180975,0.5,0.6,0.21493316860904876,0.74,-0.6379937656114507,0.4524451751325835,0.5,0.5,0.22622258756629174,0.705,-0.6200926444875289,0.5201816888760412,0.5,0.5,0.2600908444380206
4,choice_only,20,0.5007939635863662,0.59,-0.6903202015408877,0.4264117351854788,0.4,0.4,0.11320586759273943,0.655,-0.6514185203521001,0.42768207799139385,0.4,0.4,0.11384103899569695,0.655,-0.6514185203521001,0.42768207799139385,0.4,0.4,0.11384103899569695
4,inference_affirm,20,0.5050282707533701,0.595,-0.6895545984438546,0.3074229590314376,0.3,0.5,-0.0462885204842812,0.65,-0.6495164773558691,0.31631535867284283,0.3,0.4,-0.0418423206635786,0.65,-0.6549519499623685,0.3154684634688994,0.3,0.3,-0.04226576826555031
4,inference_categories,20,0.7244913867893465,0.58,-0.6908483521712463,0.3125043302550977,0.4,0.4,0.05625216512754888,0.635,-0.6606748335805857,0.29768366418608905,0.4,0.4,0.048841832093044546,0.655,-0.6567888299039324,0.49924472272460735,0.5,0.5,0.24962236136230367
5,choice_only,20,0.48859658830990765,0.745,-0.6807976689498705,0.4122529867854531,0.5,0.5,0.20612649339272654,0.775,-0.5866252194480512,0.39400436362794805,0.5,0.5,0.19700218181397403,0.775,-0.5866252194480512,0.39400436362794805,0.5,0.5,0.19700218181397403
5,inference_affirm,20,0.5928060251878186,0.77,-0.678910254467751,0.4022991923359049,0.5,0.4,0.20114959616795244,0.77,-0.5757477560683079,0.39649281224033506,0.5,0.4,0.19824640612016753,0.685,-0.633933073431962,0.3525302200881641,0.6,0.6,0.27626511004408205
5,inference_categories,20,0.8451118329224321,0.77,-0.6816274117532984,0.5300395544384396,0.6,0.4,0.3650197772192198,0.805,-0.587796488901891,0.5325280030508267,0.6,0.4,0.36626400152541333,0.78,-0.6040383204528872,0.8087457990257882,0.8,0.6,0.7043728995128942
6,choice_only,20,0.5104456441119626,0.635,-0.685333698045377,0.49960660619336533,0.5,0.5,0.24980330309668267,0.775,-0.6067935779809147,0.5163220688541099,0.5,0.5,0.25816103442705496,0.775,-0.6067935779809147,0.5163220688541099,0.5,0.5,0.25816103442705496
6,inference_affirm,20,0.5583530831679033,0.645,-0.6862438871421018,0.43181611873590126,0.4,0.5,0.11590805936795065,0.77,-0.6099088101039372,0.4411024868807593,0.4,0.5,0.12055124344037968,0.695,-0.6397716261823266,0.525608436998968,0.4,0.4,0.162804218499484
6,inference_categories,20,0.4374322702975854,0.675,-0.6862871280088955,0.47639068583122013,0.4,0.4,0.1381953429156101,0.75,-0.6159565545732446,0.49310614849196466,0.4,0.4,0.14655307424598235,0.715,-0.6193974773826966,0.5757548249812017,0.3,0.3,0.08787741249060083
7,choice_only,20,0.5056055231533778,0.71,-0.6848368602688322,0.4370452797564684,0.7,0.6,0.4185226398782341,0.73,-0.6190528311239306,0.4460144925872914,0.7,0.6,0.42300724629364567,0.73,-0.6190528311239306,0.4460144925872914,0.7,0.6,0.42300724629364567
7,inference_affirm,20,0.4651480254950368,0.655,-0.6862900837590615,0.5324450889570408,0.7,0.6,0.46622254447852035,0.715,-0.6236948411745328,0.5532373550648578,0.6,0.5,0.3766186775324289,0.665,-0.6352456481719883,0.47659135451055185,0.7,0.6,0.43829567725527585
7,inference_categories,20,0.7574252803233201,0.65,-0.6856480260468252,0.6041987916036251,0.5,0.4,0.30209939580181255,0.735,-0.6117764472540095,0.5952295787728021,0.5,0.4,0.29761478938640107,0.67,-0.6374973127029144,0.659644834557804,0.7,0.6,0.5298224172789019
8,choice_only,20,0.5030149550885261,0.525,-0.6918609436478417,0.2942631831265375,0.4,0.3,0.047131591563268765,0.615,-0.6672299937224012,0.29908716973516924,0.4,0.4,0.049543584867584645,0.615,-0.6672299937224012,0.29908716973516924,0.4,0.4,0.049543584867584645
8,inference_affirm,20,0.481036306531878,0.52,-0.692160472662664,0.23637534382295633,0.5,0.4,0.11818767191147816,0.6,-0.6706798337394815,0.27335924115579985,0.5,0.4,0.13667962057789992,0.635,-0.6498320860494828,0.40601887289317323,0.4,0.4,0.10300943644658664
8,inference_categories,20,0.2875034404117123,0.51,-0.6924232712399803,0.41968683495096326,0.7,0.7,0.4098434174754816,0.56,-0.6736296580345854,0.4229028260233844,0.7,0.7,0.4114514130116922,0.6,-0.6591213042027114,0.4566707322838067,0.5,0.5,0.22833536614190336
9,choice_only,20,0.5106411975075008,0.56,-0.6902620397276962,0.19071905759796762,0.1,0.3,-0.3046404712010162,0.57,-0.6827459705710202,0.20774754488350042,0.1,0.3,-0.2961262275582498,0.57,-0.6827459705710202,0.20774754488350042,0.1,0.3,-0.2961262275582498
9,inference_affirm,20,0.7798133635117482,0.7,-0.6862547406599719,0.22613831115187585,0.1,0.6,-0.2869308444240621,0.655,-0.6623587208291869,0.3044693526653269,0.1,0.6,-0.24776532366733658,0.65,-0.6463598465444459,0.5319699428000454,0.2,0.4,-0.03401502859997729
9,inference_categories,20,0.6790160058560917,0.565,-0.6906706337922313,0.22954400860898247,0.2,0.5,-0.18522799569550874,0.63,-0.6763103716747958,0.2792671914827383,0.2,0.5,-0.16036640425863083,0.59,-0.6689005992959668,0.5292453848343601,0.2,0.4,-0.03537730758281993
10,choice_only,20,0.5140230233324418,0.645,-0.6846835156258834,0.39973453626126315,0.5,0.5,0.19986726813063158,0.705,-0.6037318289448614,0.4221772591657621,0.5,0.5,0.21108862958288105,0.705,-0.6037318289448614,0.4221772591657621,0.5,0.5,0.21108862958288105
10,inference_affirm,20,0.7510969831009566,0.67,-0.6857011128452651,0.41709588794210195,0.4,0.4,0.108547943971051,0.695,-0.6180017312010109,0.4505482484978644,0.4,0.4,0.12527412424893222,0.7,-0.6227825640580138,0.6588844686679295,0.5,0.5,0.32944223433396475
10,inference_categories,20,0.8684271174168721,0.64,-0.6851762867128534,0.4374213728367425,0.5,0.5,0.21871068641837124,0.725,-0.6057674568661152,0.47214407619841997,0.5,0.5,0.23607203809920999,0.79,-0.60651121382747,0.792270463289008,0.7,0.7,0.5961352316445039
11,choice_only,20,0.49533429428133074,0.67,-0.6853417770633325,0.3649724631500993,0.3,0.3,-0.017513768424950366,0.735,-0.6099997967071135,0.3575071173129381,0.3,0.3,-0.02124644134353096,0.735,-0.6099997967071135,0.3575071173129381,0.3,0.3,-0.02124644134353096
11,inference_affirm,20,0.4186984002028478,0.635,-0.6870777993517275,0.3384290112846375,0.5,0.5,0.16921450564231874,0.665,-0.6428517791697268,0.35584815157134686,0.5,0.5,0.17792407578567343,0.77,-0.6144290478675787,0.6071814614224379,0.3,0.3,0.10359073071121894
11,inference_categories,20,0.6670098501847905,0.69,-0.6836963044941067,0.40561712381908765,0.5,0.5,0.20280856190954383,0.7,-0.6156768512454536,0.409764538173066,0.5,0.5,0.204882269086533,0.73,-0.6031156600236419,0.6834938855356404,0.5,0.5,0.3417469427678202
12,choice_only,20,0.5406173384839533,0.54,-0.6915584143331099,0.2205778780876702,0.4,0.5,0.010288939043835127,0.535,-0.6829505631670841,0.2857091413025335,0.4,0.5,0.04285457065126677,0.535,-0.6829505631670841,0.2857091413025335,0.4,0.5,0.04285457065126677
12,inference_affirm,20,0.8194115739790292,0.595,-0.6892606742830218,0.4906555162186365,0.3,0.3,0.045327758109318245,0.66,-0.6537668952100154,0.5019449351758796,0.3,0.3,0.050972467587939774,0.725,-0.6405348472499593,0.6956018911347397,0.5,0.5,0.34780094556736985
12,inference_categories,20,0.9286398683015197,0.57,-0.6906318215927203,0.13720986117264528,0.3,0.5,-0.13139506941367737,0.56,-0.6835421463966702,0.12070994115821324,0.3,0.5,-0.1396450294208934,0.62,-0.6604794909709543,0.5636025310192834,0.6,0.7,0.38180126550964166
13,choice_only,20,0.5134758323143201,0.68,-0.6842866062899914,0.37575574047044313,0.3,0.4,-0.012122129764778444,0.77,-0.6177963023895052,0.3973222951111308,0.3,0.4,-0.0013388524444346017,0.77,-0.6177963023895052,0.3973222951111308,0.3,0.4,-0.0013388524444346017
13,inference_affirm,20,0.6577884655557352,0.705,-0.6845616051629315,0.4520681645836457,0.3,0.3,0.02603408229182283,0.755,-0.6159670870798076,0.5043255854437736,0.3,0.3,0.052162792721886786,0.68,-0.6373214600182643,0.513449897022526,0.4,0.4,0.156724948511263
13,inference_categories,20,0.5922482347847121,0.655,-0.6851932702482535,0.41971833262261415,0.4,0.3,0.1098591663113071,0.745,-0.618694078919032,0.4031286752067006,0.4,0.3,0.10156433760335032,0.69,-0.6335637158394206,0.5690252493658366,0.4,0.4,0.18451262468291835
14,choice_only,20,0.4942871503175479,0.795,-0.6796618013997524,0.40895848002280377,0.5,0.2,0.20447924001140189,0.8,-0.5764188511782801,0.3998175227433825,0.5,0.2,0.19990876137169125,0.8,-0.5764188511782801,0.3998175227433825,0.5,0.2,0.19990876137169125
14,inference_affirm,20,0.7098080906724414,0.71,-0.6822320880291335,0.4896373638368262,0.7,0.3,0.44481868191841306,0.81,-0.5936274605196293,0.5039449491437465,0.7,0.3,0.45197247457187323,0.66,-0.6484693766713119,0.6474182351381412,0.8,0.6,0.6237091175690707
14,inference_categories,20,0.8589733282793311,0.76,-0.6818715212926483,0.45585556519548676,0.6,0.2,0.32792778259774336,0.805,-0.592587406945275,0.45585556519548676,0.7,0.3,0.42792778259774333,0.68,-0.6315013236120278,0.7785711004515768,0.8,0.5,0.6892855502257884
15,choice_only,20,0.5,0.71,-0.6844002127076609,0.38597105653210034,0.3,0.5,-0.00701447173394984,0.745,-0.6166629750955507,0.38597105653210034,0.3,0.5,-0.00701447173394984,0.745,-0.6166629750955507,0.38597105653210034,0.3,0.5,-0.00701447173394984
15,inference_affirm,20,0.5205188451532966,0.76,-0.6834508188241347,0.4136870632511607,0.3,0.5,0.006843531625580351,0.77,-0.6126515045030064,0.4136870632511607,0.3,0.5,0.006843531625580351,0.7,-0.6314818110110072,0.44653566380708415,0.3,0.6,0.023267831903542063
15,inference_categories,20,0.8244251985990245,0.62,-0.6873484107542959,0.4393500324354759,0.2,0.5,-0.08032498378226205,0.71,-0.6399121342603354,0.47219863299139936,0.2,0.5,-0.06390068350430031,0.69,-0.645293376688132,0.6579985298858413,0.4,0.6,0.22899926494292067
16,choice_only,20,0.7501398381588199,0.645,-0.688510019386316,0.5401113453362394,0.5,0.3,0.2700556726681197,0.725,-0.6279493680847539,0.5798546378554623,0.7,0.4,0.4899273189277311,0.725,-0.6279493680847539,0.5798546378554623,0.7,0.4,0.4899273189277311
16,inference_affirm,20,0.8106235782013,0.68,-0.6853299671850798,0.46976571757721486,0.6,0.4,0.3348828587886074,0.785,-0.6136875862169576,0.5540214977179674,0.6,0.4,0.37701074885898367,0.78,-0.6017690586116445,0.6513925643900635,0.8,0.6,0.6256962821950318
16,inference_categories,20,0.4674492579534133,0.665,-0.68785583889915,0.504739814994131,0.7,0.4,0.45236990749706546,0.775,-0.6266013764673591,0.5333549856079715,0.7,0.4,0.4666774928039857,0.76,-0.611506171725305,0.6525848631656401,0.6,0.5,0.42629243158282004
17,choice_only,20,0.47452762101724877,0.65,-0.6870417829341339,0.3700337328522477,0.3,0.5,-0.01498313357387615,0.69,-0.6327967565350551,0.329242612695307,0.3,0.5,-0.0353786936523465,0.69,-0.6327967565350551,0.329242612695307,0.3,0.5,-0.0353786936523465
17,inference_affirm,20,0.0855486266699962,0.635,-0.6860036717454685,0.2782537124991311,0.4,0.6,0.03912685624956558,0.72,-0.621335264622819,0.2967068382844138,0.4,0.6,0.04835341914220692,0.68,-0.6571902564188872,-0.06944202598145856,0.1,0.3,-0.4347210129907293
17,inference_categories,20,0.3274507062829935,0.715,-0.6858759567536026,0.42636432735468954,0.3,0.4,0.01318216367734476,0.665,-0.6353169526103768,0.44967353887294137,0.3,0.4,0.024836769436470674,0.705,-0.6299496630514089,0.33846917558794837,0.2,0.4,-0.1307654122060258
18,choice_only,20,0.47875729639198467,0.735,-0.6797425462036096,0.13271725932730882,0.4,0.3,-0.033641370336345566,0.81,-0.5843166549542319,0.09870846162468594,0.4,0.4,-0.05064576918765701,0.81,-0.5843166549542319,0.09870846162468594,0.4,0.4,-0.05064576918765701
18,inference_affirm,20,0.9669097939675695,0.67,-0.684222987279141,0.22810778946881202,0.4,0.4,0.014053894734406033,0.74,-0.6172570993398481,0.35418918582975545,0.4,0.4,0.07709459291487775,0.765,-0.613144787482125,0.778054932806348,0.8,0.8,0.689027466403174
18,inference_categories,20,0.8696285675322029,0.725,-0.6804881727167278,0.07050604401763282,0.5,0.4,0.03525302200881641,0.795,-0.5910863565435804,0.12027501626537362,0.5,0.4,0.06013750813268681,0.73,-0.6240450152378259,0.6295774989339212,0.6,0.4,0.4147887494669606
19,choice_only,20,0.4823841546402304,0.725,-0.6843348077780308,0.6261529429882291,0.5,0.6,0.31307647149411455,0.76,-0.6170755582138638,0.5979559198229264,0.5,0.6,0.2989779599114632,0.76,-0.6170755582138638,0.5979559198229264,0.5,0.6,0.2989779599114632
19,inference_affirm,20,0.43326480222154695,0.745,-0.6833255175846609,0.7071634381139399,0.6,0.7,0.4535817190569699,0.835,-0.6007502510171311,0.7098488688915878,0.7,0.8,0.5549244344457939,0.68,-0.6542088854482765,0.5997462070080251,0.6,0.7,0.3998731035040125
19,inference_categories,20,0.33847953614949855,0.705,-0.6859410851735513,0.556779314565659,0.5,0.7,0.2783896572828295,0.74,-0.6268776786893155,0.5509608812140887,0.5,0.7,0.27548044060704435,0.585,-0.6763002815939032,0.48874840153191296,0.4,0.6,0.1443742007659565
20,choice_only,20,0.5262210625583644,0.505,-0.691106938161295,0.4142145561871006,0.6,0.4,0.3071072780935503,0.59,-0.665423269184913,0.45620677989504493,0.6,0.4,0.3281033899475224,0.59,-0.665423269184913,0.45620677989504493,0.6,0.4,0.3281033899475224
20,inference_affirm,20,0.6822172627854733,0.565,-0.6907481015274999,0.4965682376337487,0.7,0.5,0.4482841188168743,0.665,-0.651798339675588,0.494937471664508,0.7,0.5,0.447468735832254,0.65,-0.6455597230007537,0.6021603341420745,0.8,0.7,0.6010801670710373
20,inference_categories,20,0.706857928049756,0.545,-0.6915913062633929,0.4113607157409297,0.5,0.3,0.20568035787046485,0.675,-0.6504395245568229,0.4138068646947905,0.5,0.4,0.20690343234739525,0.645,-0.6456815265305513,0.5634296423726114,0.6,0.5,0.3817148211863057
21,choice_only,20,0.5072223839038839,0.56,-0.6914248646038368,0.258097803313213,0.1,0.4,-0.2709510983433935,0.59,-0.6676089061923102,0.2696544213720136,0.1,0.4,-0.26517278931399324,0.59,-0.6676089061923102,0.2696544213720136,0.1,0.4,-0.26517278931399324
21,inference_affirm,20,0.5938049536240969,0.525,-0.6929607454343687,0.3422960205987601,0.2,0.6,-0.12885198970061995,0.59,-0.6741833561642552,0.3549532689488751,0.2,0.6,-0.12252336552556245,0.605,-0.6650358805333506,0.4941830008001392,0.2,0.4,-0.05290849959993038
21,inference_categories,20,0.675355427127886,0.49,-0.693522305270906,0.2977204938005293,0.1,0.4,-0.25113975309973535,0.53,-0.6914220485564713,0.3114783724419586,0.1,0.4,-0.24426081377902073,0.6,-0.6668974852364923,0.39072375341659116,0.2,0.5,-0.10463812329170441
22,choice_only,20,0.5016941272834365,0.755,-0.6827471652958783,0.4522853118318628,0.7,0.6,0.42614265591593137,0.82,-0.5987643010173447,0.45499592585825244,0.7,0.6,0.4274979629291262,0.82,-0.5987643010173447,0.45499592585825244,0.7,0.6,0.4274979629291262
22,inference_affirm,20,0.6585475692201573,0.735,-0.6838353438876662,0.5320548103227565,0.7,0.5,0.4660274051613782,0.815,-0.5984093128671464,0.5866543214257468,0.8,0.5,0.5933271607128734,0.675,-0.6414829640701081,0.5947861635049155,0.8,0.5,0.5973930817524578
22,inference_categories,20,0.8325878070084984,0.73,-0.6843109998102191,0.3992347230296666,0.5,0.5,0.1996173615148333,0.815,-0.6058550218711912,0.43911947227511344,0.6,0.6,0.3195597361375567,0.735,-0.626526086388976,0.6408666019535385,0.7,0.5,0.5204333009767692
23,choice_only,20,0.4863416420208079,0.73,-0.6800851198173848,0.2865491390635972,0.5,0.4,0.1432745695317986,0.72,-0.6065533642495373,0.2646903281780246,0.5,0.4,0.1323451640890123,0.72,-0.6065533642495373,0.2646903281780246,0.5,0.4,0.1323451640890123
23,inference_affirm,20,0.7743892957787682,0.74,-0.6813702711832906,0.3485486753935849,0.5,0.4,0.17427433769679246,0.73,-0.6099523875487759,0.32629243158282006,0.5,0.4,0.16314621579141003,0.745,-0.6007902015836322,0.6418541741854499,0.6,0.4,0.4209270870927249
23,inference_categories,20,0.7368343403546788,0.705,-0.6849443738205706,0.46976571757721486,0.4,0.3,0.13488285878860745,0.66,-0.6450269590736866,0.4439325774397199,0.4,0.4,0.12196628871985998,0.74,-0.61652556615677,0.6815974667046729,0.5,0.4,0.34079873335233646
24,choice_only,20,0.5146503394780653,0.54,-0.6923113197940536,0.23881463178783194,0.3,0.3,-0.08059268410608404,0.595,-0.679016178056326,0.26226188654518273,0.3,0.3,-0.06886905672740865,0.595,-0.679016178056326,0.26226188654518273,0.3,0.3,-0.06886905672740865
24,inference_affirm,20,0.9071568717913732,0.535,-0.692043848417542,0.15370978118707732,0.3,0.4,-0.12314510940646135,0.575,-0.6811717802551434,0.16065711592999604,0.3,0.3,-0.11967144203500199,0.66,-0.6616565319120363,0.4654714277755561,0.6,0.6,0.332735713887778
24,inference_categories,20,0.9289706566567912,0.635,-0.6890923811891263,0.4394189224896108,0.3,0.3,0.019709461244805382,0.645,-0.6472158096885123,0.4298663372180975,0.3,0.3,0.014933168609048753,0.69,-0.6369011010882835,0.6678125521630647,0.7,0.7,0.5339062760815323
25,choice_only,20,0.6600307899625546,0.595,-0.6886618254525427,0.3977487828929259,0.3,0.4,-0.0011256085535370497,0.69,-0.6423775343836039,0.46312135513077324,0.4,0.5,0.13156067756538664,0.69,-0.6423775343836039,0.46312135513077324,0.4,0.5,0.13156067756538664
25,inference_affirm,20,0.57375483472184,0.635,-0.6882743248521096,0.2394368910880188,0.4,0.5,0.019718445544009422,0.715,-0.631498075208714,0.2630655316559154,0.4,0.5,0.03153276582795772,0.51,-0.6908637188003928,0.15831189180490718,0.5,0.3,0.07915594590245359
25,inference_categories,20,0.5490678996611289,0.69,-0.6870029680624934,0.2985084925077603,0.6,0.5,0.24925424625388012,0.7,-0.6249568877035407,0.36545630745013397,0.6,0.5,0.282728153725067,0.64,-0.6584933245260518,0.37727062773408226,0.6,0.4,0.2886353138670411
26,choice_only,20,0.5,0.73,-0.6797236625142625,0.4468275063723812,0.2,0.4,-0.07658624681380938,0.78,-0.5922279017830833,0.4468275063723812,0.2,0.4,-0.07658624681380938,0.78,-0.5922279017830833,0.4468275063723812,0.2,0.4,-0.07658624681380938
26,inference_affirm,20,0.5646112987223674,0.665,-0.6875502999216687,0.3303526533393367,0.1,0.3,-0.23482367333033166,0.695,-0.6291514456971826,0.3303526533393367,0.1,0.4,-0.23482367333033166,0.59,-0.6781400516497021,0.23431198504893164,0.2,0.5,-0.18284400747553417
26,inference_categories,20,0.34764285566605796,0.775,-0.6791357559700554,0.3943797655329402,0.2,0.4,-0.1028101172335299,0.82,-0.5768981620150889,0.3943797655329402,0.2,0.3,-0.1028101172335299,0.735,-0.6281134708747946,0.3426131641849204,0.1,0.4,-0.22869341790753983
27,choice_only,20,0.5032290976226879,0.59,-0.6889316777751668,0.3497409741691616,0.6,0.5,0.2748704870845808,0.66,-0.6495574522687835,0.35490760219666057,0.6,0.5,0.2774538010983303,0.66,-0.6495574522687835,0.35490760219666057,0.6,0.5,0.2774538010983303
27,inference_affirm,20,0.8531250990158254,0.615,-0.6888972599759594,0.33265135838589577,0.4,0.5,0.0663256791929479,0.59,-0.6564829167017534,0.3874971020624234,0.4,0.5,0.09374855103121171,0.625,-0.6534756647450374,0.4363813518610676,0.7,0.5,0.4181906759305337
27,inference_categories,20,0.711238607974369,0.595,-0.6885182748448878,0.2782030476345604,0.5,0.4,0.1391015238172802,0.67,-0.6518287013023639,0.26826722450475465,0.5,0.4,0.13413361225237733,0.635,-0.6577741354524511,0.4387659494122209,0.6,0.4,0.31938297470611043
28,choice_only,20,0.524936408720634,0.605,-0.6895126636403586,0.4884629644195356,0.5,0.6,0.2442314822097678,0.705,-0.6505677154220291,0.5283943474424254,0.5,0.6,0.2641971737212127,0.705,-0.6505677154220291,0.5283943474424254,0.5,0.6,0.2641971737212127
28,inference_affirm,20,0.8366888015912661,0.605,-0.6900936241724307,0.31480788011068933,0.3,0.4,-0.042596059944655346,0.635,-0.6650396971198927,0.3705260889798379,0.3,0.4,-0.014736955510081057,0.665,-0.6453540958018571,0.5683257304653152,0.5,0.6,0.2841628652326576
28,inference_categories,20,0.6990415377919205,0.61,-0.6897928532696601,0.2971637806354589,0.4,0.7,0.04858189031772947,0.59,-0.6651091608409435,0.36123972083497974,0.4,0.6,0.08061986041748989,0.695,-0.6395885808899803,0.6342589442938077,0.4,0.5,0.21712947214690387
29,choice_only,20,0.4799108761808208,0.72,-0.6827995452888689,0.572446410890969,0.7,0.7,0.4862232054454845,0.77,-0.6067346897538922,0.5402865001667573,0.7,0.7,0.4701432500833786,0.77,-0.6067346897538922,0.5402865001667573,0.7,0.7,0.4701432500833786
29,inference_affirm,20,0.106488875650424,0.725,-0.6832006251121742,0.5571704532969686,0.7,0.6,0.47858522664848424,0.785,-0.6054742662096745,0.580486388572022,0.7,0.6,0.49024319428601093,0.625,-0.666473412989642,0.30632314964811685,0.4,0.3,0.05316157482405845
29,inference_categories,20,0.07143791908382849,0.825,-0.6799062436708009,0.5708384153547584,0.7,0.7,0.48541920767737917,0.88,-0.5770451360605788,0.5740544064271798,0.7,0.7,0.48702720321358983,0.605,-0.6617053524662714,0.344915042517171,0.3,0.2,-0.027542478741414522
30,choice_only,20,0.6520748801416185,0.665,-0.6861431398281086,0.24084435266649085,0.6,0.3,0.2204221763332454,0.665,-0.6421900270230552,0.29211320001628843,0.7,0.3,0.3460566000081442,0.665,-0.6421900270230552,0.29211320001628843,0.7,0.3,0.3460566000081442
30,inference_affirm,20,0.9522381851690382,0.71,-0.6857003191140204,0.2591262672253334,0.5,0.2,0.1295631336126667,0.715,-0.6307831244519153,0.2698569562055236,0.5,0.2,0.1349284781027618,0.735,-0.6290854760922013,0.6561617594923702,0.9,0.6,0.7280808797461851
30,inference_categories,20,0.9294997571826391,0.65,-0.6876648594669291,0.185601176064771,0.6,0.4,0.19280058803238548,0.67,-0.6481344515324321,0.22176757225726387,0.6,0.4,0.2108837861286319,0.645,-0.6442317118574111,0.6172133328235319,0.9,0.6,0.708606666411766
31,choice_only,20,0.5151009541381495,0.62,-0.6862763720346367,0.005818433351570392,0.3,0.4,-0.1970907833242148,0.65,-0.6333285507599812,0.02998731035040125,0.3,0.4,-0.18500634482479938,0.65,-0.6333285507599812,0.02998731035040125,0.3,0.4,-0.18500634482479938
31,inference_affirm,20,0.3725199830940259,0.68,-0.6872481267305173,0.24616448795105503,0.4,0.5,0.023082243975527536,0.755,-0.6159567790784244,0.2667527905796887,0.4,0.5,0.033376395289844374,0.715,-0.6298269898544028,0.037596030887070225,0.4,0.5,-0.08120198455646487
31,inference_categories,20,0.8233664353359148,0.655,-0.6867704463343531,0.06445033866354896,0.3,0.4,-0.16777483066822552,0.71,-0.6205816013646672,0.07429691818159115,0.3,0.4,-0.16285154090920445,0.745,-0.6105733766504827,0.2801799444679281,0.5,0.5,0.14008997223396405
32,choice_only,20,0.5099361718503672,0.635,-0.688212053179618,0.37099925800222594,0.6,0.4,0.2854996290011129,0.65,-0.6501936587540588,0.38689922620232137,0.6,0.4,0.2934496131011607,0.65,-0.6501936587540588,0.38689922620232137,0.6,0.4,0.2934496131011607
32,inference_affirm,20,0.6922937494110445,0.525,-0.6923702508903227,0.33023010877121217,0.4,0.5,0.06511505438560611,0.525,-0.6794425143776348,0.34327623652513656,0.5,0.4,0.17163811826256828,0.615,-0.6615757109737065,0.4545760139258044,0.5,0.4,0.2272880069629022
32,inference_categories,20,0.9065801317126443,0.56,-0.6911732653604474,0.24339182090915265,0.4,0.4,0.021695910454576348,0.65,-0.6614464496383669,0.26540716149390015,0.4,0.4,0.032703580746950095,0.645,-0.6528211062496316,0.5524219720802376,0.7,0.5,0.47621098604011874
33,choice_only,20,0.6386818938857853,0.555,-0.6920913225908849,0.28044831797471437,0.3,0.4,-0.05977584101264283,0.64,-0.6632413888812669,0.3083074224092886,0.4,0.5,0.05415371120464432,0.64,-0.6632413888812669,0.3083074224092886,0.4,0.5,0.05415371120464432
33,inference_affirm,20,0.7408166269793337,0.635,-0.6878660387152573,0.13743824854389977,0.2,0.3,-0.23128087572805012,0.605,-0.6577269125692681,0.13836688535838557,0.2,0.3,-0.2308165573208072,0.645,-0.6539329969893197,0.35752517357703645,0.3,0.3,-0.021237413211481787
33,inference_categories,20,0.8495788195754871,0.635,-0.6876894506296377,0.4151006560751567,0.3,0.4,0.007550328037578352,0.755,-0.6374648177979098,0.43181611873590126,0.3,0.4,0.015908059367950617,0.745,-0.6258403141877779,0.7076212526381865,0.5,0.6,0.35381062631909327
34,choice_only,20,0.5,0.765,-0.6822288788399743,0.5330580093631029,0.5,0.5,0.26652900468155144,0.86,-0.5637530089905004,0.5330580093631029,0.5,0.5,0.26652900468155144,0.86,-0.5637530089905004,0.5330580093631029,0.5,0.5,0.26652900468155144
34,inference_affirm,20,0.18405179445272848,0.77,-0.682828906530954,0.5446948760662436,0.4,0.4,0.1723474380331218,0.825,-0.5733968751901019,0.5737870428240956,0.4,0.4,0.18689352141204785,0.52,-0.6970518569005466,0.14904140815945696,0.3,0.4,-0.12547929592027152
34,inference_categories,20,0.6642348957623604,0.705,-0.6824915987383204,0.4811396809952439,0.4,0.4,0.14056984049762197,0.845,-0.5711963571563452,0.4811396809952439,0.3,0.3,0.04056984049762194,0.535,-0.6835307356281057,0.3540292908532446,0.6,0.7,0.27701464542662224
35,choice_only,20,0.5344039837614311,0.655,-0.6861221530627967,0.4213774234608226,0.7,0.5,0.4106887117304112,0.74,-0.6162409786643626,0.47651091811924795,0.7,0.5,0.43825545905962393,0.74,-0.6162409786643626,0.47651091811924795,0.7,0.5,0.43825545905962393
35,inference_affirm,20,0.619711822026078,0.655,-0.6861221530627967,0.4213774234608226,0.7,0.5,0.4106887117304112,0.74,-0.6162409786643626,0.47651091811924795,0.7,0.5,0.43825545905962393,0.755,-0.6174997427263994,0.6167075188221011,0.7,0.5,0.5083537594110505
35,inference_categories,20,0.8086415725566695,0.705,-0.6835627952551097,0.4402803359151398,0.7,0.5,0.42014016795756987,0.8,-0.6018380053371792,0.4702099473011422,0.8,0.5,0.5351049736505711,0.805,-0.6054931487616813,0.8167633422969589,0.8,0.7,0.7083816711484795
36,choice_only,20,0.5301134269739558,0.65,-0.6890670582776396,0.3626029934154874,0.5,0.4,0.1813014967077437,0.69,-0.6437644511193493,0.410842859501805,0.5,0.4,0.2054214297509025,0.69,-0.6437644511193493,0.410842859501805,0.5,0.4,0.2054214297509025
36,inference_affirm,20,0.24776842297589494,0.775,-0.6835480476279403,0.29506718089464273,0.6,0.4,0.24753359044732134,0.775,-0.6023499895362435,0.31516712509727507,0.5,0.3,0.15758356254863753,0.66,-0.6499131757679554,0.2508473036488516,0.4,0.3,0.025423651824425825
36,inference_categories,20,0.8371492497811729,0.685,-0.6858481048224079,0.06110383037600231,0.3,0.3,-0.16944808481199886,0.715,-0.6241771491868271,0.061907828144107606,0.3,0.3,-0.1690460859279462,0.665,-0.6438867391778796,0.3159711228653804,0.5,0.4,0.1579855614326902
37,choice_only,20,0.6489825022662429,0.705,-0.685872286282722,0.47275068764591266,0.6,0.4,0.3363753438229563,0.735,-0.623667974426676,0.5185785604279144,0.7,0.4,0.45928928021395715,0.735,-0.623667974426676,0.5185785604279144,0.7,0.4,0.45928928021395715
37,inference_affirm,20,0.48404761332972884,0.715,-0.6853240128761238,0.4679267010372809,0.6,0.3,0.33396335051864046,0.755,-0.6180146397814417,0.5161665671235985,0.6,0.3,0.35808328356179925,0.715,-0.6310765857281825,0.6423942167161296,0.5,0.4,0.3211971083580648
37,inference_categories,20,0.6846812210783283,0.74,-0.6840432283631909,0.5443064890072837,0.6,0.4,0.37215324450364184,0.785,-0.6070411630488288,0.572446410890969,0.6,0.4,0.3862232054454845,0.725,-0.6258068097424815,0.654454183237709,0.7,0.5,0.5272270916188544
38,choice_only,20,0.4919607151994663,0.69,-0.6841404480799173,0.4397867791535956,0.6,0.3,0.3198933895767978,0.74,-0.6108049674627244,0.42692281486391087,0.6,0.3,0.3134614074319554,0.74,-0.6108049674627244,0.42692281486391087,0.6,0.3,0.3134614074319554
38,inference_affirm,20,0.7775160465020313,0.685,-0.68415553638684,0.47275068764591266,0.5,0.2,0.23637534382295633,0.74,-0.6071451477108407,0.5169705648917038,0.5,0.2,0.2584852824458519,0.75,-0.6300020071633121,0.5732504086590744,0.7,0.6,0.48662520432953715
38,inference_categories,20,0.7854104265029422,0.685,-0.6863319325724313,0.5378745068624414,0.6,0.3,0.3689372534312207,0.73,-0.6155627391169561,0.5475224800797049,0.6,0.3,0.37376124003985245,0.745,-0.6182960754393024,0.6568661765420248,0.8,0.4,0.6284330882710125
39,choice_only,20,0.3481863637025148,0.675,-0.6856137980787759,0.4241725660268747,0.7,0.4,0.4120862830134373,0.685,-0.6245802486587421,0.3733642368839097,0.6,0.3,0.2866821184419548,0.685,-0.6245802486587421,0.3733642368839097,0.6,0.3,0.2866821184419548
39,inference_affirm,20,0.41892818482001604,0.685,-0.6864067316387167,0.45650513911785245,0.6,0.4,0.32825256955892623,0.77,-0.6224223510362077,0.3718245905462441,0.7,0.4,0.385912295273122,0.615,-0.6646327216931366,0.32563520041627586,0.6,0.5,0.26281760020813794
39,inference_categories,20,0.6766152758505779,0.715,-0.6859412032422276,0.548114096208956,0.7,0.3,0.47405704810447796,0.775,-0.6174702542407359,0.47267142566334136,0.8,0.3,0.5363357128316707,0.635,-0.6536186967734888,0.4434181452476948,0.9,0.4,0.6217090726238474
40,choice_only,20,0.5041958870918357,0.63,-0.6882986210988178,0.5751297582129195,0.6,0.6,0.3875648791064597,0.78,-0.6221720219169931,0.5818433351570392,0.6,0.6,0.3909216675785196,0.78,-0.6221720219169931,0.5818433351570392,0.6,0.6,0.3909216675785196
40,inference_affirm,20,0.8241786166715324,0.67,-0.6837378675901943,0.34821085750167424,0.4,0.5,0.07410542875083714,0.71,-0.6187127847113493,0.36611372935265996,0.4,0.5,0.08305686467633,0.755,-0.61110116644849,0.5661783222874265,0.6,0.7,0.3830891611437132
40,inference_categories,20,0.6911428695209381,0.67,-0.686178337573088,0.5482754504364408,0.5,0.5,0.2741377252182204,0.785,-0.6106403264725654,0.5576744581582083,0.5,0.5,0.27883722907910413,0.83,-0.5996560287112362,0.6704625508194191,0.6,0.7,0.4352312754097095
41,choice_only,20,0.5057024474752125,0.64,-0.6872103307999786,0.2173245121484682,0.5,0.4,0.1086622560742341,0.595,-0.6531927433766527,0.2264488237272207,0.5,0.4,0.11322441186361035,0.595,-0.6531927433766527,0.2264488237272207,0.5,0.4,0.11322441186361035
41,inference_affirm,20,0.7890736938010399,0.645,-0.686248343048969,0.27621779597496154,0.3,0.4,-0.06189110201251924,0.635,-0.6539797278435997,0.2894895219076924,0.3,0.4,-0.055255239046153815,0.705,-0.6328845973008714,0.40395815807749624,0.5,0.5,0.20197907903874812
41,inference_categories,20,0.6478655004205007,0.675,-0.6853299461053644,0.2563102070758652,0.6,0.5,0.22815510353793259,0.715,-0.6380207697346814,0.2587986556882522,0.5,0.4,0.1293993278441261,0.665,-0.6452109893994609,0.5001781710897952,0.6,0.5,0.3500890855448976
42,choice_only,20,0.5198783180167439,0.68,-0.6858397683407006,0.24533798540205312,0.3,0.5,-0.07733100729897345,0.78,-0.6052535603355178,0.277160067190604,0.3,0.5,-0.06141996640469802,0.78,-0.6052535603355178,0.277160067190604,0.3,0.5,-0.06141996640469802
42,inference_affirm,20,0.6893886083109876,0.655,-0.6849730065722756,0.24636450416942576,0.2,0.4,-0.1768177479152871,0.73,-0.6086032217902363,0.2710009545863683,0.2,0.4,-0.16449952270681584,0.685,-0.6330286232259642,0.1652695215469898,0.4,0.6,-0.017365239226505083
42,inference_categories,20,0.6817362227424535,0.635,-0.6866469584181081,0.3007699988401739,0.3,0.5,-0.049615000579913054,0.735,-0.6100018155439689,0.3233534117223713,0.3,0.5,-0.03832329413881436,0.72,-0.6323742624136095,0.40547491311217987,0.4,0.6,0.10273745655608996
43,choice_only,20,0.5141080278913307,0.775,-0.6839262014222922,0.5028133520187444,0.6,0.6,0.3514066760093722,0.815,-0.6080789022813262,0.5253921899332303,0.6,0.6,0.36269609496661515,0.815,-0.6080789022813262,0.5253921899332303,0.6,0.6,0.36269609496661515
43,inference_affirm,20,0.744083550462639,0.645,-0.6860501643916094,0.36126140663177486,0.3,0.4,-0.01936929668411258,0.755,-0.617192534512485,0.34997198767453186,0.3,0.4,-0.02501400616273408,0.75,-0.6057707362037934,0.38818232876058506,0.5,0.5,0.19409116438029253
43,inference_categories,20,0.904752319926583,0.65,-0.6875853459253947,0.382971827703396,0.3,0.4,-0.008514086148302014,0.745,-0.6078212232614907,0.3751560761176124,0.3,0.4,-0.012421961941193799,0.77,-0.5981251988343204,0.6834440553346318,0.6,0.6,0.4417220276673159
44,choice_only,20,0.5165763768990226,0.745,-0.6859193563143526,0.4405907769217009,0.6,0.5,0.3202953884608504,0.79,-0.6109321394543952,0.4671227032691756,0.6,0.4,0.3335613516345878,0.79,-0.6109321394543952,0.4671227032691756,0.6,0.4,0.3335613516345878
44,inference_affirm,20,0.7210649262805603,0.695,-0.6845946334205408,0.5981743394703385,0.6,0.5,0.3990871697351692,0.805,-0.5989872341863606,0.6150582926005497,0.6,0.5,0.4075291463002748,0.755,-0.6053798904246476,0.5780743952677061,0.8,0.7,0.5890371976338531
44,inference_categories,20,0.8202570437677632,0.725,-0.6849284764310488,0.47998666755886027,0.4,0.3,0.13999333377943016,0.72,-0.6168663407338666,0.4743586831821232,0.4,0.3,0.13717934159106163,0.81,-0.5921809274710387,0.48722264747180793,0.7,0.5,0.44361132373590395
45,choice_only,20,0.49577737556312385,0.69,-0.6853111670344668,0.3056259194728242,0.5,0.3,0.1528129597364121,0.745,-0.613919021996284,0.2988695597445563,0.5,0.3,0.14943477987227816,0.745,-0.613919021996284,0.2988695597445563,0.5,0.3,0.14943477987227816
45,inference_affirm,20,0.8756732623945565,0.635,-0.6858806201524544,0.2766133159337915,0.4,0.3,0.03830665796689578,0.745,-0.6044967257067256,0.29131833416590397,0.4,0.2,0.04565916708295201,0.7,-0.6184336681374635,0.4574452968962557,0.7,0.6,0.4287226484481278
45,inference_categories,20,0.8884776188809486,0.625,-0.6886913969224565,0.32788216328358905,0.5,0.4,0.16394108164179452,0.705,-0.632337007129272,0.371202352129542,0.6,0.4,0.285601176064771,0.69,-0.6339051964060903,0.5579958269698897,0.8,0.5,0.5789979134849449
46,choice_only,20,0.49301983026949003,0.62,-0.6878035414990531,0.4977487876293358,0.4,0.6,0.1488743938146679,0.65,-0.6356387055791862,0.48657979044350685,0.4,0.6,0.14328989522175345,0.65,-0.6356387055791862,0.48657979044350685,0.4,0.6,0.14328989522175345
46,inference_affirm,20,0.871193548643902,0.705,-0.6856589537145598,0.46278497035195804,0.2,0.3,-0.06860751482402097,0.725,-0.6297485196284813,0.4618137532053642,0.3,0.4,0.0309068766026821,0.72,-0.6236164005480372,0.6274062766996115,0.5,0.6,0.31370313834980573
46,inference_categories,20,0.7856075700630283,0.685,-0.6860350108353629,0.4608425360587704,0.2,0.4,-0.06957873197061479,0.74,-0.6231089001814545,0.4404469759803001,0.2,0.4,-0.07977651200984995,0.73,-0.6234437441061408,0.580302245089811,0.4,0.5,0.19015112254490552
47,choice_only,20,0.5092335564670368,0.7,-0.6847051226628136,0.22085290097787597,0.5,0.3,0.11042645048893798,0.775,-0.6116024299978098,0.2356282711137198,0.5,0.3,0.1178141355568599,0.775,-0.6116024299978098,0.2356282711137198,0.5,0.3,0.1178141355568599
47,inference_affirm,20,0.9653185855678358,0.75,-0.6804643006422925,0.26673431350496996,0.3,0.2,-0.06663284324751503,0.765,-0.5982171574077206,0.28695324105928255,0.4,0.3,0.0434766205296413,0.835,-0.5778184303376942,0.5972360139120028,0.8,0.6,0.5986180069560014
47,inference_categories,20,0.8260610973828392,0.725,-0.682060981256367,0.27917673046147,0.5,0.4,0.139588365230735,0.765,-0.6061742764514926,0.32039223662987637,0.6,0.5,0.26019611831493816,0.72,-0.6138613923303395,0.5023625846186897,0.7,0.6,0.4511812923093448
48,choice_only,20,0.3847819260313851,0.67,-0.6861263059233196,0.555986701388812,0.7,0.6,0.47799335069440596,0.8,-0.6033992689008091,0.5682666818459907,0.6,0.6,0.38413334092299534,0.8,-0.6033992689008091,0.5682666818459907,0.6,0.6,0.38413334092299534
48,inference_affirm,20,0.34554519399038575,0.695,-0.6863300943090073,0.5780059766913394,0.6,0.5,0.38900298834566965,0.805,-0.6107034429615694,0.5902859571485178,0.7,0.6,0.4951429785742589,0.665,-0.643851316094629,0.5225343408330496,0.5,0.5,0.2612671704165248
48,inference_categories,20,0.5800256762564152,0.635,-0.6855742858416511,0.5098309127738992,0.6,0.5,0.3549154563869496,0.76,-0.6051675338638572,0.5115247031817859,0.6,0.5,0.3557623515908929,0.73,-0.6331004004657225,0.6389824313752608,0.6,0.6,0.41949121568763037
49,choice_only,20,0.5908962507379989,0.56,-0.689619199458274,0.28650905824517864,0.2,0.3,-0.15674547087741067,0.65,-0.6436035042175763,0.23357772375581512,0.3,0.5,-0.08321113812209245,0.65,-0.6436035042175763,0.23357772375581512,0.3,0.5,-0.08321113812209245
49,inference_affirm,20,0.6184569034670443,0.675,-0.6857991781079893,0.2102685122375633,0.1,0.2,-0.2948657438812184,0.675,-0.6253898277392081,0.16996300065391953,0.1,0.2,-0.31501849967304024,0.705,-0.6325268630473575,0.20346999221140652,0.2,0.3,-0.19826500389429674
49,inference_categories,20,0.7640149833386309,0.61,-0.687046387640507,0.19715708075854665,0.2,0.3,-0.20142145962072666,0.67,-0.6401139848330242,0.2146389893972355,0.2,0.3,-0.19268050530138225,0.66,-0.6328669589763719,0.2670847153133021,0.4,0.5,0.03354235765665106
