user_id,condition,n_trials,rating_partial_vs_standard,test_acc_random_projection,test_ll_random_projection,spearman_random_projection,topn_sign_random_projection,topn_overlap_random_projection,combined_random_projection,test_acc_projection_only,test_ll_projection_only,spearman_projection_only,topn_sign_projection_only,topn_overlap_projection_only,combined_projection_only,test_acc_projection_alpha,test_ll_projection_alpha,spearman_projection_alpha,topn_sign_projection_alpha,topn_overlap_projection_alpha,combined_projection_alpha
0,choice_only,20,0.4078565558949822,0.7,-0.6884474561131145,0.49959672366232943,0.3,1.0,0.049798361831164706,0.75,-0.400706112809219,0.3504633733153655,0.3,1.0,-0.024768313342317272,0.75,-0.400706112809219,0.3504633733153655,0.3,1.0,-0.024768313342317272
0,inference_affirm,20,0.3637209982344593,0.6,-0.6895520698630087,0.7978634243562575,0.3,1.0,0.19893171217812872,0.9,-0.340259345816572,0.42503004848884746,0.3,1.0,0.012515024244423717,0.9,-0.5989012059879552,0.5741633988358116,0.3,1.0,0.08708169941790578
0,inference_categories,20,0.5648780088528116,0.6,-0.6927224889583289,0.5145100586970258,0.3,1.0,0.0572550293485129,0.7,-0.5192268114448166,0.5741633988358116,0.3,1.0,0.08708169941790578,0.7,-0.6334886797732693,0.6189034039399006,0.3,1.0,0.1094517019699503
1,choice_only,20,0.8383664344746128,0.6,-0.6901188799879915,-0.2335496832484569,0.1,1.0,-0.5167748416242285,0.65,-0.5756010911401763,0.2248996949799955,0.2,1.0,-0.18755015251000223,0.65,-0.5756010911401763,0.2248996949799955,0.2,1.0,-0.18755015251000223
1,inference_affirm,20,0.5,0.65,-0.6914623049479733,0.41519943688614563,0.2,1.0,-0.09240028155692717,0.6,-0.6716523699347376,0.5881992022553729,0.2,1.0,-0.005900398872313528,0.65,-0.6628620882780789,0.41519943688614563,0.2,1.0,-0.09240028155692717
1,inference_categories,20,0.580389994438072,0.75,-0.6900198269539803,0.32004956593307055,0.2,1.0,-0.13997521703346472,0.8,-0.5458159337472367,0.31139957766460924,0.2,1.0,-0.14430021116769537,0.8,-0.6543351331829047,0.449799389959991,0.2,1.0,-0.07510030502000448
2,choice_only,20,0.8072257322457183,0.7,-0.6876891871613136,0.24607002807249062,0.2,1.0,-0.17696498596375468,0.6,-0.5533113976719722,0.6189034039399006,0.3,1.0,0.1094517019699503,0.6,-0.5533113976719722,0.6189034039399006,0.3,1.0,0.1094517019699503
2,inference_affirm,20,0.3637209982344592,0.6,-0.6914668108918868,0.4399433835235439,0.3,1.0,0.019971691761771937,0.7,-0.587736073039006,-0.1267633477949194,0.3,1.0,-0.2633816738974597,0.75,-0.647974258245105,0.21624335800309782,0.3,1.0,-0.0918783209984511
2,inference_categories,20,0.6734212669629435,0.7,-0.6885224842596271,0.32063670324597265,0.2,1.0,-0.13968164837701366,0.7,-0.4666971916723588,0.3504633733153655,0.3,1.0,-0.024768313342317272,0.75,-0.6241506060723724,0.41011671345415107,0.3,1.0,0.005058356727075525
3,choice_only,20,0.9330001398551149,0.5,-0.6941609884999702,-0.40284535777936215,0.2,1.0,-0.5014226788896811,0.6,-0.7023960935951454,0.4506405697192864,0.3,1.0,0.02532028485964319,0.6,-0.7023960935951454,0.4506405697192864,0.3,1.0,0.02532028485964319
3,inference_affirm,20,0.6372159168724842,0.65,-0.6924974198526758,0.10241831129983783,0.3,1.0,-0.1487908443500811,0.65,-0.6673107183417141,0.40284535777936215,0.2,1.0,-0.09857732111031892,0.45,-0.69181531850317,0.32773859615948103,0.3,1.0,-0.036130701920259495
3,inference_categories,20,0.5594612998690082,0.3,-0.6961577176777978,0.1229019735598054,0.2,1.0,-0.2385490132200973,0.5,-0.6857186835118714,0.11607408613981621,0.3,1.0,-0.14196295693009192,0.55,-0.6895029516797838,0.21849239743965407,0.2,1.0,-0.19075380128017294
4,choice_only,20,0.8655733185466227,0.5,-0.6935488115975746,-0.2335496832484569,0.1,1.0,-0.5167748416242285,0.5,-0.742237497282716,0.31139957766460924,0.2,1.0,-0.14430021116769537,0.5,-0.742237497282716,0.31139957766460924,0.2,1.0,-0.14430021116769537
4,inference_affirm,20,0.7627377902724243,0.6,-0.6916949153357781,0.07784989441615231,0.2,1.0,-0.26107505279192383,0.4,-0.7715106251385682,0.31139957766460924,0.2,1.0,-0.14430021116769537,0.6,-0.7043008481300888,0.5449492609130662,0.2,1.0,-0.027525369543466904
4,inference_categories,20,0.9585475465676876,0.5,-0.6934632621842163,-0.3892494720807615,0.0,1.0,-0.6946247360403808,0.6,-0.76898906563053,0.15569978883230462,0.1,1.0,-0.3221501055838477,0.6,-0.6904354082386118,0.4670993664969138,0.2,1.0,-0.06645031675154309
5,choice_only,20,0.5,0.7,-0.6875864281270349,0.6227991553292185,0.2,1.0,0.01139957766460925,0.85,-0.40545744262637073,0.6227991553292185,0.2,1.0,0.01139957766460925,0.85,-0.40545744262637073,0.6227991553292185,0.2,1.0,0.01139957766460925
5,inference_affirm,20,0.4038979880688865,0.8,-0.6862408443921713,0.5103493078392206,0.2,1.0,-0.04482534608038968,0.9,-0.4058930498319026,0.3373495424699933,0.2,1.0,-0.13132522876500333,0.85,-0.5601651914153183,0.35464951900691605,0.2,1.0,-0.12267524049654197
5,inference_categories,20,0.4622283996998992,0.45,-0.69475371033503,0.6833490732084478,0.2,1.0,0.04167453660422393,0.6,-0.6432533826345994,0.5276492843761433,0.2,1.0,-0.03617535781192832,0.6,-0.6411854232267056,0.6227991553292185,0.2,1.0,0.01139957766460925
6,choice_only,20,0.6448628032249785,0.75,-0.6898503375288891,0.24607002807249062,0.3,1.0,-0.0769649859637547,0.65,-0.46500516560143046,0.4846833886276331,0.3,1.0,0.04234169431381654,0.65,-0.46500516560143046,0.4846833886276331,0.3,1.0,0.04234169431381654
6,inference_affirm,20,0.5921434441050178,0.55,-0.6942535806687726,0.24607002807249062,0.3,1.0,-0.0769649859637547,0.9,-0.4774674533615217,0.39520337841945463,0.3,1.0,-0.0023983107902726952,0.75,-0.6320320194362236,0.39520337841945463,0.3,1.0,-0.0023983107902726952
6,inference_categories,20,0.5093197548467202,0.75,-0.6887292107246934,0.4399433835235439,0.3,1.0,0.019971691761771937,0.8,-0.393246858447483,0.5294233937317223,0.3,1.0,0.06471169686586115,0.75,-0.6090807443429924,0.45485671855824034,0.3,1.0,0.027428359279120157
7,choice_only,20,0.6188531772447186,0.75,-0.6898492825294495,-0.1565900178643122,0.1,1.0,-0.47829500893215615,0.6,-0.680229697651006,0.03728333758674101,0.1,1.0,-0.38135833120662954,0.6,-0.680229697651006,0.03728333758674101,0.1,1.0,-0.38135833120662954
7,inference_affirm,20,0.9817050709343883,0.25,-0.6946142910007903,-0.49959672366232943,0.1,1.0,-0.6497983618311647,0.25,-0.7836563311786533,0.7531234192521683,0.3,1.0,0.17656170962608414,0.35,-0.7045767705002457,0.6934700791133827,0.3,1.0,0.14673503955669132
7,inference_categories,20,0.7953558104587776,0.7,-0.6905535630988783,0.1565900178643122,0.1,1.0,-0.3217049910678439,0.65,-0.6901516469592264,0.32063670324597265,0.2,1.0,-0.13968164837701366,0.65,-0.6829019084468898,0.49959672366232943,0.2,1.0,-0.05020163816883527
8,choice_only,20,0.6132234852613055,0.7,-0.6915631856657227,0.3482222584194486,0.3,1.0,-0.025888870790275714,0.75,-0.667904502316478,0.5325752187591567,0.3,1.0,0.06628760937957834,0.75,-0.667904502316478,0.5325752187591567,0.3,1.0,0.06628760937957834
8,inference_affirm,20,0.5636640092764769,0.8,-0.6889356028027251,0.471124231979254,0.3,1.0,0.035562115989627,0.75,-0.5269245929797984,0.6691329671589404,0.4,1.0,0.23456648357947024,0.75,-0.6205642470086351,0.5735425432790918,0.3,1.0,0.0867712716395459
8,inference_categories,20,0.6730266681733098,0.5,-0.692233734414747,0.31408282131950266,0.2,1.0,-0.14295858934024866,0.85,-0.4012116188702931,0.38918958293938377,0.3,1.0,-0.005405208530308125,0.9,-0.5798582295204289,0.40284535777936215,0.3,1.0,0.0014226788896810616
9,choice_only,20,0.9798882360547752,0.45,-0.6953008968985127,-0.49959672366232943,0.0,1.0,-0.7497983618311648,0.75,-0.6879042219171986,0.45485671855824034,0.3,1.0,0.027428359279120157,0.75,-0.6879042219171986,0.45485671855824034,0.3,1.0,0.027428359279120157
9,inference_affirm,20,0.9635359723970263,0.5,-0.6946437118569494,-0.3057233682112762,0.1,1.0,-0.5528616841056382,0.6,-0.6711768643124986,0.4697700535929367,0.3,1.0,0.03488502679646835,0.55,-0.7031564572019341,0.6039900689052043,0.3,1.0,0.10199503445260216
9,inference_categories,20,0.9935801314417286,0.4,-0.6962100306411267,-0.6934700791133827,0.0,1.0,-0.8467350395566913,0.5,-0.7383891042740726,0.7232967491827754,0.3,1.0,0.1616483745913877,0.5,-0.6983082042478335,0.7232967491827754,0.3,1.0,0.1616483745913877
10,choice_only,20,0.641958373522821,0.75,-0.6863795937771201,0.31139957766460924,0.2,1.0,-0.14430021116769537,0.7,-0.5856168298138015,0.5449492609130662,0.2,1.0,-0.027525369543466904,0.7,-0.5856168298138015,0.5449492609130662,0.2,1.0,-0.027525369543466904
10,inference_affirm,20,0.4242439839928166,0.55,-0.6934405553323743,0.3892494720807615,0.2,1.0,-0.10537526395961924,0.6,-0.7082679627640831,0.31139957766460924,0.2,1.0,-0.14430021116769537,0.75,-0.6836970953144369,0.4670993664969138,0.1,1.0,-0.16645031675154312
10,inference_categories,20,0.7472264408667519,0.75,-0.6864315219338053,0.31139957766460924,0.1,1.0,-0.2443002111676954,0.65,-0.7189911501017301,0.5449492609130662,0.2,1.0,-0.027525369543466904,0.7,-0.6887840244747622,0.5449492609130662,0.2,1.0,-0.027525369543466904
11,choice_only,20,0.5485031771161134,0.8,-0.6842320768908077,0.5449492609130662,0.2,1.0,-0.027525369543466904,0.7,-0.5773233786020655,0.6227991553292185,0.2,1.0,0.01139957766460925,0.7,-0.5773233786020655,0.6227991553292185,0.2,1.0,0.01139957766460925
11,inference_affirm,20,0.5,0.45,-0.6946659346187434,0.5449492609130662,0.2,1.0,-0.027525369543466904,0.8,-0.5473537763371253,0.6227991553292185,0.2,1.0,0.01139957766460925,0.7,-0.6569054775284958,0.5449492609130662,0.2,1.0,-0.027525369543466904
11,inference_categories,20,0.42424398399281665,0.55,-0.6930035817168054,0.4670993664969138,0.2,1.0,-0.06645031675154309,0.85,-0.4749422270381026,0.7006490497453708,0.2,1.0,0.050324524872685406,0.8,-0.605628743806619,0.5449492609130662,0.1,1.0,-0.12752536954346694
12,choice_only,20,0.6240208554652033,0.45,-0.6931188958381411,-0.11185001276022302,0.3,1.0,-0.2559250063801115,0.65,-0.6375873981281288,0.29081003317657983,0.2,1.0,-0.15459498341171007,0.65,-0.6375873981281288,0.29081003317657983,0.2,1.0,-0.15459498341171007
12,inference_affirm,20,0.43512199114718836,0.75,-0.6905065781476329,0.09693667772552661,0.3,1.0,-0.1515316611372367,0.75,-0.4695311846210489,-0.08202334269083021,0.2,1.0,-0.3410116713454151,0.75,-0.5920251423247324,-0.007456667517348202,0.3,1.0,-0.2037283337586741
12,inference_categories,20,0.6975271757374675,0.6,-0.6915523057744516,0.06711000765613381,0.2,1.0,-0.26644499617193307,0.65,-0.5212463736940726,0.09693667772552661,0.2,1.0,-0.2515316611372367,0.75,-0.6018721225415065,0.20133002296840144,0.3,1.0,-0.09933498851579929
13,choice_only,20,0.8135317058136321,0.55,-0.6920599838564139,0.2335496832484569,0.1,1.0,-0.28322515837577156,0.75,-0.5965176920034528,0.6227991553292185,0.2,1.0,0.01139957766460925,0.75,-0.5965176920034528,0.6227991553292185,0.2,1.0,0.01139957766460925
13,inference_affirm,20,0.5961020119311136,0.6,-0.6907779802727695,0.31139957766460924,0.2,1.0,-0.14430021116769537,0.5,-0.7153111190399184,0.5449492609130662,0.2,1.0,-0.027525369543466904,0.5,-0.6967857809773643,0.4670993664969138,0.2,1.0,-0.06645031675154309
13,inference_categories,20,0.725741675490595,0.6,-0.6924106327162669,0.31139957766460924,0.2,1.0,-0.14430021116769537,0.4,-0.754384067259932,0.4670993664969138,0.2,1.0,-0.06645031675154309,0.4,-0.7046998362493742,0.7006490497453708,0.2,1.0,0.050324524872685406
14,choice_only,20,0.5591898306369825,0.8,-0.6846024946255007,-0.27679962459076374,0.2,1.0,-0.43839981229538183,0.85,-0.3798351676065999,-0.18164975363768868,0.2,1.0,-0.3908248768188443,0.85,-0.3798351676065999,-0.18164975363768868,0.2,1.0,-0.3908248768188443
14,inference_affirm,20,0.6615869193312388,0.5,-0.6946483424384441,-0.3719494955438387,0.2,1.0,-0.48597474777191935,0.7,-0.5663531868636755,0.3373495424699933,0.2,1.0,-0.13132522876500333,0.7,-0.6525095026106125,-0.10379985922153641,0.2,1.0,-0.3518999296107682
14,inference_categories,20,0.8819599082807948,0.55,-0.6927012794410244,-0.18164975363768868,0.2,1.0,-0.3908248768188443,0.65,-0.7074364565982625,0.5449492609130662,0.2,1.0,-0.027525369543466904,0.65,-0.6866401511487973,0.6227991553292185,0.2,1.0,0.01139957766460925
15,choice_only,20,0.8135317058136321,0.35,-0.6953260623872269,0.31139957766460924,0.1,1.0,-0.2443002111676954,0.65,-0.6727950917505174,0.7006490497453708,0.2,1.0,0.050324524872685406,0.65,-0.6727950917505174,0.7006490497453708,0.2,1.0,0.050324524872685406
15,inference_affirm,20,0.6669949314310306,0.4,-0.6964310881654818,0.31139957766460924,0.1,1.0,-0.2443002111676954,0.7,-0.5321414299262793,0.31139957766460924,0.2,1.0,-0.14430021116769537,0.75,-0.6458437126570276,0.3892494720807615,0.2,1.0,-0.10537526395961924
15,inference_categories,20,0.6224593312018547,0.65,-0.6894156488686101,0.4670993664969138,0.1,1.0,-0.16645031675154312,0.8,-0.4313483302253707,0.2335496832484569,0.2,1.0,-0.18322515837577152,0.8,-0.6289119979577446,0.4670993664969138,0.2,1.0,-0.06645031675154309
16,choice_only,20,0.43512199114718836,0.6,-0.688839944524387,0.39520337841945463,0.3,1.0,-0.0023983107902726952,0.6,-0.6987557303932084,0.29081003317657983,0.3,1.0,-0.054594983411710096,0.6,-0.6987557303932084,0.29081003317657983,0.3,1.0,-0.054594983411710096
16,inference_affirm,20,0.65335439171755,0.65,-0.691272337543191,-0.23115669303779424,0.1,1.0,-0.5155783465188971,0.6,-0.6863625821217426,0.0521966726214374,0.2,1.0,-0.27390166368928126,0.55,-0.6747634566901037,0.022370002552044604,0.1,1.0,-0.38881499872397773
16,inference_categories,20,0.8782559196628836,0.45,-0.6963464262225523,-0.17150335289900862,0.2,1.0,-0.3857516764495043,0.4,-0.774413783136953,0.4697700535929367,0.3,1.0,0.03488502679646835,0.5,-0.7074130605594591,0.6189034039399006,0.2,1.0,0.009451701969950321
17,choice_only,20,0.5908848497589122,0.75,-0.6876097436684391,0.24219967151691824,0.2,1.0,-0.17890016424154087,0.8,-0.3787795067707955,0.3892494720807615,0.2,1.0,-0.10537526395961924,0.8,-0.3787795067707955,0.3892494720807615,0.2,1.0,-0.10537526395961924
17,inference_affirm,20,0.7588021362993596,0.65,-0.688809716121078,0.24219967151691824,0.2,1.0,-0.17890016424154087,0.7,-0.422528190192207,0.7006490497453708,0.2,1.0,0.050324524872685406,0.75,-0.5707087041703426,0.7006490497453708,0.2,1.0,0.050324524872685406
17,inference_categories,20,0.7214164807118251,0.75,-0.6874190101943092,0.24219967151691824,0.2,1.0,-0.17890016424154087,0.9,-0.2753255015122665,0.31139957766460924,0.2,1.0,-0.14430021116769537,0.85,-0.5381343210877245,0.6227991553292185,0.2,1.0,0.01139957766460925
18,choice_only,20,0.42224033487675605,0.65,-0.6903345207013549,0.3802900433847583,0.3,1.0,-0.00985497830762086,0.9,-0.43904784094825156,0.45485671855824034,0.2,1.0,-0.07257164072087982,0.9,-0.43904784094825156,0.45485671855824034,0.2,1.0,-0.07257164072087982
18,inference_affirm,20,0.6100208952681446,0.7,-0.6916430285196802,0.24607002807249062,0.3,1.0,-0.0769649859637547,0.75,-0.45637866530725485,0.3057233682112762,0.3,1.0,-0.047138315894361904,0.8,-0.6035272512645886,0.42503004848884746,0.3,1.0,0.012515024244423717
18,inference_categories,20,0.7605657044439825,0.65,-0.6899235997670291,0.0521966726214374,0.3,1.0,-0.1739016636892813,0.8,-0.42046760704610636,0.29081003317657983,0.3,1.0,-0.054594983411710096,0.75,-0.5933552931987671,0.5145100586970258,0.3,1.0,0.0572550293485129
19,choice_only,20,0.6064703470734771,0.65,-0.6919176254204514,0.5103493078392206,0.2,1.0,-0.04482534608038968,0.95,-0.43312620589484147,0.6833490732084478,0.2,1.0,0.04167453660422393,0.95,-0.43312620589484147,0.6833490732084478,0.2,1.0,0.04167453660422393
19,inference_affirm,20,0.7126416729272431,0.6,-0.6889035230926823,0.32004956593307055,0.2,1.0,-0.13997521703346472,0.75,-0.5953585227297202,0.3027495893961478,0.2,1.0,-0.14862520530192608,0.6,-0.6610159719249855,0.6833490732084478,0.2,1.0,0.04167453660422393
19,inference_categories,20,0.6615869193312389,0.55,-0.6926818023376363,0.35464951900691605,0.2,1.0,-0.12267524049654197,0.85,-0.34478358702809225,0.5881992022553729,0.2,1.0,-0.005900398872313528,0.85,-0.5874923636058951,0.6227991553292185,0.2,1.0,0.01139957766460925
20,choice_only,20,0.1890945606627261,0.8,-0.6774588875731349,0.10924619871982703,0.4,1.0,-0.04537690064008646,0.85,-0.28446921191766733,-0.2731154967995676,0.3,1.0,-0.3365577483997838,0.85,-0.28446921191766733,-0.2731154967995676,0.3,1.0,-0.3365577483997838
20,inference_affirm,20,0.43633599072352314,0.75,-0.681756931693354,0.1229019735598054,0.4,1.0,-0.03854901322009728,0.75,-0.5638666430862929,-0.0614509867799027,0.3,1.0,-0.23072549338995135,0.75,-0.6100568687033174,0.020483662259967565,0.4,1.0,-0.0897581688700162
20,inference_categories,20,0.6741212262726922,0.65,-0.6902424331669683,0.11607408613981621,0.2,1.0,-0.2419629569300919,0.8,-0.40643022430452314,0.09559042387984865,0.4,1.0,-0.052204788060075655,0.8,-0.568698126033343,0.00682788741998919,0.4,1.0,-0.09658605629000538
21,choice_only,20,0.6100208952681446,0.8,-0.6910066629937934,0.27589669814188345,0.2,1.0,-0.16205165092905827,0.5,-0.6893446401770422,0.45485671855824034,0.2,1.0,-0.07257164072087982,0.5,-0.6893446401770422,0.45485671855824034,0.2,1.0,-0.07257164072087982
21,inference_affirm,20,0.5740187428156868,0.85,-0.6909585136087373,0.1565900178643122,0.2,1.0,-0.2217049910678439,0.55,-0.6679135282572395,0.39520337841945463,0.2,1.0,-0.10239831079027267,0.6,-0.6681014208839129,0.27589669814188345,0.2,1.0,-0.16205165092905827
21,inference_categories,20,0.2794079931855598,0.45,-0.6939622969149544,0.5741633988358116,0.3,1.0,0.08708169941790578,0.6,-0.6515812322860779,0.45485671855824034,0.2,1.0,-0.07257164072087982,0.55,-0.6856140503734225,0.39520337841945463,0.2,1.0,-0.10239831079027267
22,choice_only,20,0.6975271757374675,0.8,-0.6852625415384523,0.36537670835006186,0.1,1.0,-0.2173116458249691,0.75,-0.5727099398565889,0.49959672366232943,0.2,1.0,-0.05020163816883527,0.75,-0.5727099398565889,0.49959672366232943,0.2,1.0,-0.05020163816883527
22,inference_affirm,20,0.7396082550274423,0.6,-0.6897913653096884,0.03728333758674101,0.2,1.0,-0.2813583312066295,0.65,-0.6374469537018016,0.5145100586970258,0.2,1.0,-0.04274497065148708,0.7,-0.6477343035968454,0.45485671855824034,0.2,1.0,-0.07257164072087982
22,inference_categories,20,0.595837267172456,0.35,-0.6937275079876644,0.45485671855824034,0.2,1.0,-0.07257164072087982,0.45,-0.7754170636886262,0.17150335289900862,0.2,1.0,-0.21424832355049567,0.4,-0.7092418455327186,0.41011671345415107,0.3,1.0,0.005058356727075525
23,choice_only,20,0.21704847155698154,0.6,-0.6940146020869262,0.36537670835006186,0.2,1.0,-0.11731164582496906,0.1,-0.8230487315623914,0.0521966726214374,0.1,1.0,-0.37390166368928135,0.1,-0.8230487315623914,0.0521966726214374,0.1,1.0,-0.37390166368928135
23,inference_affirm,20,0.7829515284430184,0.55,-0.6929702078946853,0.24607002807249062,0.2,1.0,-0.17696498596375468,0.45,-0.7479204059943909,0.5592500638011151,0.3,1.0,0.07962503190055753,0.5,-0.6995876884377487,0.5592500638011151,0.3,1.0,0.07962503190055753
23,inference_categories,20,0.978038332547847,0.65,-0.6912947605490214,-0.49959672366232943,0.1,1.0,-0.6497983618311647,0.4,-0.7505179725697553,0.32063670324597265,0.3,1.0,-0.039681648377013684,0.35,-0.7001860140119,0.6189034039399006,0.3,1.0,0.1094517019699503
24,choice_only,20,0.9202865940790026,0.75,-0.6862490075693846,-0.15569978883230462,0.1,1.0,-0.47784989441615233,0.7,-0.5071665327190595,0.6227991553292185,0.2,1.0,0.01139957766460925,0.7,-0.5071665327190595,0.6227991553292185,0.2,1.0,0.01139957766460925
24,inference_affirm,20,0.5485031771161134,0.6,-0.6906533081783921,0.5449492609130662,0.2,1.0,-0.027525369543466904,0.9,-0.42496968674931496,0.6227991553292185,0.2,1.0,0.01139957766460925,0.9,-0.5598080920781758,0.6227991553292185,0.2,1.0,0.01139957766460925
24,inference_categories,20,0.9500858282408039,0.65,-0.6913096133566171,-0.07784989441615231,0.0,1.0,-0.5389249472080762,0.75,-0.5026609328075599,0.4670993664969138,0.2,1.0,-0.06645031675154309,0.75,-0.6031597048844894,0.7006490497453708,0.2,1.0,0.050324524872685406
25,choice_only,20,0.7953558104587776,0.75,-0.6876358001857363,0.39520337841945463,0.2,1.0,-0.10239831079027267,0.8,-0.5196259124185281,0.7382100842174719,0.3,1.0,0.16910504210873595,0.8,-0.5196259124185281,0.7382100842174719,0.3,1.0,0.16910504210873595
25,inference_affirm,20,0.9061607475658828,0.7,-0.6874813409998483,0.1565900178643122,0.1,1.0,-0.3217049910678439,0.7,-0.5162749426391998,0.49959672366232943,0.3,1.0,0.049798361831164706,0.75,-0.6503598159740976,0.6636434090439899,0.3,1.0,0.13182170452199493
25,inference_categories,20,0.756542576777971,0.45,-0.6939073208186867,0.39520337841945463,0.2,1.0,-0.10239831079027267,0.85,-0.44278292334444797,0.7978634243562575,0.3,1.0,0.19893171217812872,0.85,-0.6151088759931345,0.6487300740092935,0.3,1.0,0.12436503700464674
26,choice_only,20,0.669259239976007,0.65,-0.6910103940515848,0.6008540929590486,0.3,1.0,0.10042704647952427,0.7,-0.6518575468109937,0.6827887419989189,0.4,1.0,0.24139437099945948,0.7,-0.6518575468109937,0.6827887419989189,0.4,1.0,0.24139437099945948
26,inference_affirm,20,0.27769898343705146,0.8,-0.6859322077132841,0.6964445168388972,0.3,1.0,0.14822225841944858,0.75,-0.5308300923124791,0.43698479487930814,0.4,1.0,0.11849239743965409,0.7,-0.667902099203458,0.31408282131950266,0.3,1.0,-0.04295858934024868
26,inference_categories,20,0.3627840831275157,0.65,-0.686925733879431,0.5052636690792,0.3,1.0,0.052631834539599964,0.65,-0.640470680026216,0.2731154967995676,0.2,1.0,-0.1634422516002162,0.6,-0.68944416743449,0.2799433842195567,0.3,1.0,-0.06002830789022165
27,choice_only,20,0.7965709369864841,0.5,-0.6931942820326514,-0.051899929610768204,0.1,1.0,-0.4259499648053841,0.85,-0.3835779184745138,0.29409960112768646,0.2,1.0,-0.15295019943615676,0.85,-0.3835779184745138,0.29409960112768646,0.2,1.0,-0.15295019943615676
27,inference_affirm,20,0.7553077806586803,0.55,-0.6923126942547309,-0.03459995307384547,0.1,1.0,-0.41729997653692275,0.75,-0.5076951000001265,0.06054991787922956,0.1,1.0,-0.36972504106038523,0.8,-0.6400971869977206,0.21624970671153415,0.2,1.0,-0.1918751466442329
27,inference_categories,20,0.3680423738540983,0.6,-0.6907538387769337,0.5103493078392206,0.2,1.0,-0.04482534608038968,0.9,-0.348200603102055,0.31139957766460924,0.2,1.0,-0.14430021116769537,0.9,-0.6054493103192258,0.29409960112768646,0.2,1.0,-0.15295019943615676
28,choice_only,20,0.6362790017655409,0.75,-0.6882926198787986,-0.17150335289900862,0.2,1.0,-0.3857516764495043,0.8,-0.38148625994257296,0.0521966726214374,0.2,1.0,-0.27390166368928126,0.8,-0.38148625994257296,0.0521966726214374,0.2,1.0,-0.27390166368928126
28,inference_affirm,20,0.6011158642150064,0.65,-0.6900461847021498,-0.24607002807249062,0.2,1.0,-0.4230350140362453,0.75,-0.5689011992500387,-0.21624335800309782,0.2,1.0,-0.4081216790015489,0.6,-0.6529853242802262,-0.08202334269083021,0.2,1.0,-0.3410116713454151
28,inference_categories,20,0.6011158642150064,0.6,-0.6911757687122465,0.007456667517348202,0.2,1.0,-0.2962716662413259,0.75,-0.46828776414024975,0.23115669303779424,0.2,1.0,-0.18442165348110287,0.75,-0.6210784906371256,0.17150335289900862,0.2,1.0,-0.21424832355049567
29,choice_only,20,0.15872460433366462,0.45,-0.693309075393435,0.6227991553292185,0.2,1.0,0.01139957766460925,0.7,-0.5650733711863171,0.15569978883230462,0.1,1.0,-0.3221501055838477,0.7,-0.5650733711863171,0.15569978883230462,0.1,1.0,-0.3221501055838477
29,inference_affirm,20,0.7627377902724242,0.7,-0.68914621156148,-0.07784989441615231,0.1,1.0,-0.4389249472080762,0.6,-0.7494707135807684,0.5449492609130662,0.1,1.0,-0.12752536954346694,0.6,-0.6978630654246956,0.3892494720807615,0.1,1.0,-0.20537526395961928
29,inference_categories,20,0.2038548735653832,0.7,-0.6911496981577836,0.6227991553292185,0.2,1.0,0.01139957766460925,0.8,-0.4372235111620976,0.2335496832484569,0.2,1.0,-0.18322515837577152,0.85,-0.6274666247174492,0.07784989441615231,0.2,1.0,-0.26107505279192383
30,choice_only,20,0.956389483110207,0.7,-0.6849974822213382,-0.3057233682112762,0.1,1.0,-0.5528616841056382,0.7,-0.5557012807786054,0.5294233937317223,0.3,1.0,0.06471169686586115,0.7,-0.5557012807786054,0.5294233937317223,0.3,1.0,0.06471169686586115
30,inference_affirm,20,0.8129611202145672,0.9,-0.6843180134708295,0.1267633477949194,0.1,1.0,-0.33661832610254033,0.75,-0.6252958926396331,0.5145100586970258,0.2,1.0,-0.04274497065148708,0.8,-0.6234146983559021,0.5145100586970258,0.2,1.0,-0.04274497065148708
30,inference_categories,20,0.8798841443060298,0.8,-0.6862230643268328,-0.08202334269083021,0.1,1.0,-0.44101167134541513,0.7,-0.5573445602577859,0.6636434090439899,0.3,1.0,0.13182170452199493,0.65,-0.6229936851117265,0.5145100586970258,0.2,1.0,-0.04274497065148708
31,choice_only,20,0.8412753956663355,0.8,-0.6855125883651928,-0.07784989441615231,0.1,1.0,-0.4389249472080762,0.65,-0.5457926560561706,0.3892494720807615,0.2,1.0,-0.10537526395961924,0.65,-0.5457926560561706,0.3892494720807615,0.2,1.0,-0.10537526395961924
31,inference_affirm,20,0.6853565119055823,0.55,-0.6918943578772492,0.31139957766460924,0.2,1.0,-0.14430021116769537,0.6,-0.684772043192402,0.7006490497453708,0.2,1.0,0.050324524872685406,0.6,-0.6881352744595346,0.6227991553292185,0.2,1.0,0.01139957766460925
31,inference_categories,20,0.7472264408667519,0.5,-0.6935802588364145,0.3892494720807615,0.1,1.0,-0.20537526395961928,0.6,-0.6622225934083834,0.31139957766460924,0.2,1.0,-0.14430021116769537,0.55,-0.6897700941467749,0.6227991553292185,0.2,1.0,0.01139957766460925
32,choice_only,20,0.7672891107110961,0.7,-0.6872420196870055,-0.09693667772552661,0.2,1.0,-0.3484683388627633,0.75,-0.4467844175275544,0.3802900433847583,0.2,1.0,-0.10985497830762084,0.75,-0.4467844175275544,0.3802900433847583,0.2,1.0,-0.10985497830762084
32,inference_affirm,20,0.9324627711360511,0.7,-0.6888903387044334,-0.23115669303779424,0.2,1.0,-0.41557834651889713,0.8,-0.41515852161797173,0.6189034039399006,0.3,1.0,0.1094517019699503,0.85,-0.6110012458236924,0.6189034039399006,0.3,1.0,0.1094517019699503
32,inference_categories,20,0.9726830340078644,0.6,-0.6900835168031972,-0.3504633733153655,0.1,1.0,-0.5752316866576828,0.85,-0.3803616353608836,0.6785567440786863,0.3,1.0,0.13927837203934312,0.85,-0.600878310098471,0.6785567440786863,0.3,1.0,0.13927837203934312
33,choice_only,20,0.9554442816313746,0.5,-0.6936905731768913,-0.6008540929590486,0.1,1.0,-0.7004270464795244,0.7,-0.5598849908593774,0.2253202848596432,0.3,1.0,-0.08733985757017841,0.7,-0.5598849908593774,0.2253202848596432,0.3,1.0,-0.08733985757017841
33,inference_affirm,20,0.6605439151863636,0.7,-0.6886510258825199,-0.01365577483997838,0.3,1.0,-0.2068278874199892,0.75,-0.6012405025395812,0.31408282131950266,0.3,1.0,-0.04295858934024868,0.8,-0.6388514186850088,0.2526318345396,0.3,1.0,-0.07368408273020002
33,inference_categories,20,0.9072263137063659,0.7,-0.6865274818465028,-0.25945972195958916,0.2,1.0,-0.4297298609797946,0.9,-0.3350960785305531,0.10924619871982703,0.3,1.0,-0.1453769006400865,0.9,-0.5659236152569967,0.2526318345396,0.4,1.0,0.02631591726980001
34,choice_only,20,0.8441417363841615,0.55,-0.6922752393875536,-0.15569978883230462,0.1,1.0,-0.47784989441615233,0.6,-0.7452549750680266,0.32004956593307055,0.2,1.0,-0.13997521703346472,0.6,-0.7452549750680266,0.32004956593307055,0.2,1.0,-0.13997521703346472
34,inference_affirm,20,0.8753237057461137,0.6,-0.6913597990791257,-0.1297498240269205,0.1,1.0,-0.46487491201346026,0.7,-0.5934605881428472,0.5449492609130662,0.2,1.0,-0.027525369543466904,0.75,-0.6703053548174305,0.449799389959991,0.2,1.0,-0.07510030502000448
34,inference_categories,20,0.9683044739633554,0.35,-0.6960634552951221,-0.4670993664969138,0.1,1.0,-0.633549683248457,0.4,-0.7588043245441062,0.6833490732084478,0.2,1.0,0.04167453660422393,0.5,-0.6980324413916308,0.7006490497453708,0.2,1.0,0.050324524872685406
35,choice_only,20,0.877664593828209,0.7,-0.6871283446920696,-0.07784989441615231,0.1,1.0,-0.4389249472080762,0.65,-0.7273030396296155,0.5103493078392206,0.2,1.0,-0.04482534608038968,0.65,-0.7273030396296155,0.5103493078392206,0.2,1.0,-0.04482534608038968
35,inference_affirm,20,0.8930109930202181,0.25,-0.6968107210179162,-0.15569978883230462,0.1,1.0,-0.47784989441615233,0.55,-0.7436128513561852,0.4930493313022979,0.2,1.0,-0.053475334348851045,0.4,-0.7123713931670517,0.4930493313022979,0.2,1.0,-0.053475334348851045
35,inference_categories,20,0.9220475669740241,0.25,-0.6959163218882684,-0.06054991787922956,0.0,1.0,-0.5302749589396147,0.45,-0.7392887483968699,0.449799389959991,0.2,1.0,-0.07510030502000448,0.1,-0.714560806144273,0.5276492843761433,0.2,1.0,-0.03617535781192832
36,choice_only,20,0.7257118735424352,0.4,-0.6941291343744609,-0.08876253645985946,0.2,1.0,-0.3443812682299297,0.75,-0.6838164873978145,0.3004270464795243,0.2,1.0,-0.14978647676023785,0.75,-0.6838164873978145,0.3004270464795243,0.2,1.0,-0.14978647676023785
36,inference_affirm,20,0.22251538406478694,0.55,-0.6927756520409737,0.6554771923189621,0.4,1.0,0.22773859615948105,0.45,-0.7668104907439063,0.40284535777936215,0.4,1.0,0.1014226788896811,0.45,-0.7024699720982968,0.35505014583943784,0.3,1.0,-0.022474927080281093
36,inference_categories,20,0.7706438002194053,0.65,-0.6918435300642152,0.34139437099945946,0.4,1.0,0.07069718549972975,0.45,-0.7464028478271392,0.7783791658787675,0.4,1.0,0.2891895829393838,0.4,-0.7024872836160693,0.8261743778186917,0.4,1.0,0.3130871889093459
37,choice_only,20,0.9157637916678631,0.55,-0.6912364389239287,-0.29081003317657983,0.3,1.0,-0.3454050165882899,0.8,-0.3879167423061,0.6636434090439899,0.3,1.0,0.13182170452199493,0.8,-0.3879167423061,0.6636434090439899,0.3,1.0,0.13182170452199493
37,inference_affirm,20,0.7323640597961549,0.4,-0.6944030223850375,0.26098336310718706,0.3,1.0,-0.06950831844640648,0.8,-0.5184077235725264,0.7978634243562575,0.3,1.0,0.19893171217812872,0.85,-0.6415781202707533,0.6636434090439899,0.3,1.0,0.13182170452199493
37,inference_categories,20,0.858746402495809,0.65,-0.6912398766221781,0.14167668282961585,0.2,1.0,-0.22916165858519205,0.85,-0.5011763622838001,0.6189034039399006,0.3,1.0,0.1094517019699503,0.8,-0.6447389668588167,0.6636434090439899,0.3,1.0,0.13182170452199493
38,choice_only,20,0.3580416264771789,0.15,-0.695870943540372,0.3892494720807615,0.1,1.0,-0.20537526395961928,0.5,-0.730268497951208,0.15569978883230462,0.1,1.0,-0.3221501055838477,0.5,-0.730268497951208,0.15569978883230462,0.1,1.0,-0.3221501055838477
38,inference_affirm,20,0.8412753956663355,0.65,-0.693594224174287,-0.07784989441615231,0.1,1.0,-0.4389249472080762,0.6,-0.7048519764157223,0.3892494720807615,0.2,1.0,-0.10537526395961924,0.5,-0.7006855229756264,0.3892494720807615,0.2,1.0,-0.10537526395961924
38,inference_categories,20,0.9334461633978333,0.5,-0.6949415362401054,-0.3892494720807615,0.0,1.0,-0.6946247360403808,0.35,-0.7784422529350624,0.4670993664969138,0.2,1.0,-0.06645031675154309,0.5,-0.698484748604882,0.4670993664969138,0.1,1.0,-0.16645031675154312
39,choice_only,20,0.8345881751922501,0.6,-0.6913182947875227,0.20133002296840144,0.2,1.0,-0.19933498851579928,0.7,-0.6247124119942056,0.6487300740092935,0.3,1.0,0.12436503700464674,0.7,-0.6247124119942056,0.6487300740092935,0.3,1.0,0.12436503700464674
39,inference_affirm,20,0.3688197731718529,0.4,-0.6938664470489573,0.08202334269083021,0.3,1.0,-0.1589883286545849,0.65,-0.6161039814104934,-0.007456667517348202,0.2,1.0,-0.3037283337586741,0.7,-0.6567659864223052,0.06711000765613381,0.2,1.0,-0.26644499617193307
39,inference_categories,20,0.3899791047318554,0.85,-0.6838914691201124,0.4697700535929367,0.3,1.0,0.03488502679646835,0.75,-0.5922286876626346,0.5741633988358116,0.3,1.0,0.08708169941790578,0.7,-0.6683336135060484,0.29081003317657983,0.3,1.0,-0.054594983411710096
40,choice_only,20,0.5485031771161134,0.45,-0.6940176565538894,0.07784989441615231,0.1,1.0,-0.36107505279192387,0.4,-0.7709688952036245,0.15569978883230462,0.1,1.0,-0.3221501055838477,0.4,-0.7709688952036245,0.15569978883230462,0.1,1.0,-0.3221501055838477
40,inference_affirm,20,0.7087352656715602,0.55,-0.6922041728803896,0.3892494720807615,0.1,1.0,-0.20537526395961928,0.8,-0.5783103579828895,0.6227991553292185,0.2,1.0,0.01139957766460925,0.7,-0.6885396267852146,0.5449492609130662,0.2,1.0,-0.027525369543466904
40,inference_categories,20,0.9202865940790026,0.65,-0.6926924762439366,-0.2335496832484569,0.1,1.0,-0.5167748416242285,0.6,-0.7260850214825283,0.7006490497453708,0.2,1.0,0.050324524872685406,0.75,-0.685255135163721,0.5449492609130662,0.2,1.0,-0.027525369543466904
41,choice_only,20,0.6896035895637763,0.5,-0.6913241949858635,0.39520337841945463,0.2,1.0,-0.10239831079027267,0.75,-0.4150601065022778,0.5145100586970258,0.3,1.0,0.0572550293485129,0.75,-0.4150601065022778,0.5145100586970258,0.3,1.0,0.0572550293485129
41,inference_affirm,20,0.7205920068144401,0.5,-0.6917686005984315,0.20133002296840144,0.2,1.0,-0.19933498851579928,0.75,-0.45525276726462316,0.5294233937317223,0.3,1.0,0.06471169686586115,0.8,-0.615157143260572,0.3802900433847583,0.3,1.0,-0.00985497830762086
41,inference_categories,20,0.7803373692242909,0.4,-0.6964103512230582,0.23115669303779424,0.3,1.0,-0.08442165348110289,0.5,-0.7220264885074574,0.7382100842174719,0.3,1.0,0.16910504210873595,0.6,-0.6864057601430921,0.7382100842174719,0.3,1.0,0.16910504210873595
42,choice_only,20,0.5,0.4,-0.6955521671016999,-0.32004956593307055,0.1,1.0,-0.5600247829665352,0.6,-0.6304427311157307,-0.32004956593307055,0.1,1.0,-0.5600247829665352,0.6,-0.6304427311157307,-0.32004956593307055,0.1,1.0,-0.5600247829665352
42,inference_affirm,20,0.42488546118383785,0.7,-0.6865769553569376,0.051899929610768204,0.2,1.0,-0.2740500351946159,0.55,-0.6691277213948605,0.31139957766460924,0.2,1.0,-0.14430021116769537,0.7,-0.6575602841701375,-0.06919990614769093,0.2,1.0,-0.33459995307384544
42,inference_categories,20,0.580389994438072,0.8,-0.6844894489611463,-0.19894973017461143,0.2,1.0,-0.3994748650873057,0.75,-0.4464133693765415,-0.008649988268461367,0.2,1.0,-0.3043249941342307,0.75,-0.5903319749679311,-0.06919990614769093,0.2,1.0,-0.33459995307384544
43,choice_only,20,0.25021984053684265,0.7,-0.6866944614145849,0.8876253645985944,0.4,1.0,0.34381268229929723,0.65,-0.6221028063972603,0.648649304898973,0.3,1.0,0.12432465244948648,0.65,-0.6221028063972603,0.648649304898973,0.3,1.0,0.12432465244948648
43,inference_affirm,20,0.5383315066119707,0.7,-0.6872182105981135,0.2389760596996216,0.3,1.0,-0.08051197015018921,0.65,-0.5451954069478326,0.7237560665188539,0.4,1.0,0.261878033259427,0.65,-0.6363531927661676,0.3004270464795243,0.3,1.0,-0.04978647676023787
43,inference_categories,20,0.5170630900478784,0.2,-0.6978182583608392,0.8466580400786594,0.4,1.0,0.32332902003932973,0.85,-0.5510438460596464,0.8739695897586163,0.4,1.0,0.33698479487930816,0.75,-0.6882124062020807,0.8739695897586163,0.4,1.0,0.33698479487930816
44,choice_only,20,0.44053870013099183,0.8,-0.688645002635533,0.7305839539388431,0.4,1.0,0.2652919769694216,0.7,-0.6202629051247738,0.6349935300589945,0.4,1.0,0.21749676502949727,0.7,-0.6202629051247738,0.6349935300589945,0.4,1.0,0.21749676502949727
44,inference_affirm,20,0.19707212956541392,0.6,-0.6894190874550684,0.7442397287788216,0.4,1.0,0.2721198643894108,0.3,-0.7771442495226497,0.3482222584194486,0.2,1.0,-0.1258888707902757,0.5,-0.7032268017403668,0.3823616955193946,0.3,1.0,-0.008819152240302719
44,inference_categories,20,0.44053870013099183,0.6,-0.6892783881185031,0.7305839539388431,0.3,1.0,0.16529197696942155,0.7,-0.7020729670897903,0.5394031061791459,0.3,1.0,0.06970155308957293,0.55,-0.6916342246694219,0.6349935300589945,0.3,1.0,0.11749676502949724
45,choice_only,20,0.47234063398541654,0.55,-0.6928668812140105,0.15569978883230462,0.2,1.0,-0.22215010558384768,0.9,-0.5105399169628307,0.31139957766460924,0.1,1.0,-0.2443002111676954,0.9,-0.5105399169628307,0.31139957766460924,0.1,1.0,-0.2443002111676954
45,inference_affirm,20,0.5961020119311136,0.7,-0.6875071223689841,0.4670993664969138,0.1,1.0,-0.16645031675154312,0.45,-0.80616966514729,0.3892494720807615,0.2,1.0,-0.10537526395961924,0.65,-0.706359289992072,0.6227991553292185,0.1,1.0,-0.08860042233539078
45,inference_categories,20,0.5,0.45,-0.6951711553095412,0.07784989441615231,0.1,1.0,-0.36107505279192387,0.6,-0.643068661622814,0.07784989441615231,0.1,1.0,-0.36107505279192387,0.55,-0.6901145541650562,0.07784989441615231,0.1,1.0,-0.36107505279192387
46,choice_only,20,0.42424398399281676,0.55,-0.6940210525829983,-0.2335496832484569,0.1,1.0,-0.5167748416242285,0.2,-0.7835396080626049,-0.15569978883230462,0.0,1.0,-0.5778498944161523,0.2,-0.7835396080626049,-0.15569978883230462,0.0,1.0,-0.5778498944161523
46,inference_affirm,20,0.8750368778275339,0.45,-0.6947631624403113,-0.3892494720807615,0.1,1.0,-0.5946247360403808,0.65,-0.6884116340219836,0.31139957766460924,0.2,1.0,-0.14430021116769537,0.65,-0.6817065197717554,0.3892494720807615,0.1,1.0,-0.20537526395961928
46,inference_categories,20,0.7961451264346169,0.4,-0.6954359683048753,-0.07784989441615231,0.1,1.0,-0.4389249472080762,0.6,-0.7191830693833914,0.31139957766460924,0.1,1.0,-0.2443002111676954,0.6,-0.6922441220316642,0.4670993664969138,0.1,1.0,-0.16645031675154312
47,choice_only,20,0.8000527046142617,0.45,-0.6960059271256339,0.11244984748999776,0.1,1.0,-0.34377507625500114,0.65,-0.6865680951721851,0.4670993664969138,0.2,1.0,-0.06645031675154309,0.65,-0.6865680951721851,0.4670993664969138,0.2,1.0,-0.06645031675154309
47,inference_affirm,20,0.8297525007351176,0.3,-0.6971769807218526,-0.39789946034922286,0.0,1.0,-0.6989497301746115,0.6,-0.6984121762273429,-0.16434977710076598,0.1,1.0,-0.48217488855038304,0.7,-0.688274291190751,-0.16434977710076598,0.2,1.0,-0.38217488855038295
47,inference_categories,20,0.7709395515621685,0.8,-0.6862151227910308,0.3027495893961478,0.1,1.0,-0.2486252053019261,0.7,-0.5915629726242861,0.6833490732084478,0.2,1.0,0.04167453660422393,0.75,-0.6564823800750965,0.5881992022553729,0.2,1.0,-0.005900398872313528
48,choice_only,20,0.37239246244052526,0.65,-0.6935746592967724,0.3057233682112762,0.2,1.0,-0.14713831589436188,0.85,-0.5219124306806731,0.09693667772552661,0.2,1.0,-0.2515316611372367,0.85,-0.5219124306806731,0.09693667772552661,0.2,1.0,-0.2515316611372367
48,inference_affirm,20,0.6782337738858959,0.45,-0.6941283177113045,0.08202334269083021,0.2,1.0,-0.2589883286545849,0.65,-0.6743036772685194,0.39520337841945463,0.2,1.0,-0.10239831079027267,0.65,-0.682351348580122,0.3802900433847583,0.2,1.0,-0.10985497830762084
48,inference_categories,20,0.7537103995471434,0.45,-0.6946868373163929,0.1267633477949194,0.2,1.0,-0.2366183261025403,0.4,-0.7585376785694441,0.45485671855824034,0.2,1.0,-0.07257164072087982,0.55,-0.6973030464707535,0.5741633988358116,0.2,1.0,-0.0129183005820942
49,choice_only,20,0.2699751511943992,0.75,-0.6891346031105436,0.5103493078392206,0.2,1.0,-0.04482534608038968,0.85,-0.3690688623566611,0.11244984748999776,0.2,1.0,-0.2437750762550011,0.85,-0.3690688623566611,0.11244984748999776,0.2,1.0,-0.2437750762550011
49,inference_affirm,20,0.9435608364933773,0.65,-0.6863969196964108,-0.41519943688614563,0.0,1.0,-0.7075997184430728,0.7,-0.4381578651803738,0.31139957766460924,0.2,1.0,-0.14430021116769537,0.75,-0.6129725193170983,0.31139957766460924,0.2,1.0,-0.14430021116769537
49,inference_categories,20,0.9294730468935315,0.5,-0.69349664341068,-0.32004956593307055,0.0,1.0,-0.6600247829665353,0.9,-0.31222629258176676,0.29409960112768646,0.2,1.0,-0.15295019943615676,0.8,-0.5905571017106681,0.31139957766460924,0.2,1.0,-0.14430021116769537
50,choice_only,20,0.5740187428156868,0.6,-0.6910788152517859,0.03728333758674101,0.2,1.0,-0.2813583312066295,0.55,-0.731977214631881,0.1565900178643122,0.2,1.0,-0.2217049910678439,0.55,-0.731977214631881,0.1565900178643122,0.2,1.0,-0.2217049910678439
50,inference_affirm,20,0.9507667839203321,0.35,-0.6951269287682783,-0.5294233937317223,0.2,1.0,-0.5647116968658612,0.55,-0.6891054092597919,0.45485671855824034,0.3,1.0,0.027428359279120157,0.65,-0.6838576231606508,0.45485671855824034,0.3,1.0,0.027428359279120157
50,inference_categories,20,0.6734212669629435,0.55,-0.6928887278210356,0.4697700535929367,0.2,1.0,-0.06511497320353163,0.75,-0.6105366858984573,0.5294233937317223,0.3,1.0,0.06471169686586115,0.75,-0.6720844368371901,0.5592500638011151,0.3,1.0,0.07962503190055753
51,choice_only,20,0.9047904074727785,0.65,-0.6885127225038127,-0.07784989441615231,0.1,1.0,-0.4389249472080762,0.5,-0.7703373973689321,0.6227991553292185,0.2,1.0,0.01139957766460925,0.5,-0.7703373973689321,0.6227991553292185,0.2,1.0,0.01139957766460925
51,inference_affirm,20,0.4242439839928166,0.55,-0.6920886627139484,0.2335496832484569,0.2,1.0,-0.18322515837577152,0.65,-0.6684615598180033,-0.07784989441615231,0.1,1.0,-0.4389249472080762,0.65,-0.6867017627271891,0.31139957766460924,0.1,1.0,-0.2443002111676954
51,inference_categories,20,0.5961020119311136,0.6,-0.6912070285749801,0.15569978883230462,0.1,1.0,-0.3221501055838477,0.65,-0.6388654063914034,0.2335496832484569,0.1,1.0,-0.28322515837577156,0.65,-0.6699466406201404,0.31139957766460924,0.1,1.0,-0.2443002111676954
52,choice_only,20,0.2573813988905842,0.8,-0.6870950831783226,0.06919990614769093,0.2,1.0,-0.26540004692615454,0.85,-0.5063977649850834,-0.35464951900691605,0.2,1.0,-0.477324759503458,0.85,-0.5063977649850834,-0.35464951900691605,0.2,1.0,-0.477324759503458
52,inference_affirm,20,0.8909272642020979,0.55,-0.690156170777327,-0.6227991553292185,0.1,1.0,-0.7113995776646093,0.45,-0.7157558487016031,0.14704980056384323,0.2,1.0,-0.2264750997180784,0.6,-0.6887460827563568,0.017299976536922734,0.2,1.0,-0.2913500117315386
52,inference_categories,20,0.5856471405692333,0.8,-0.6858385441711655,0.18164975363768868,0.2,1.0,-0.20917512318115566,0.85,-0.4327252479884745,0.449799389959991,0.2,1.0,-0.07510030502000448,0.85,-0.6405743028905074,0.32004956593307055,0.2,1.0,-0.13997521703346472
53,choice_only,20,0.7174977790025168,0.45,-0.6940467170745954,-0.24607002807249062,0.2,1.0,-0.4230350140362453,0.6,-0.7216530531602625,0.1267633477949194,0.2,1.0,-0.2366183261025403,0.6,-0.7216530531602625,0.1267633477949194,0.2,1.0,-0.2366183261025403
53,inference_affirm,20,0.9471566993263357,0.75,-0.6907480550375354,-0.39520337841945463,0.1,1.0,-0.5976016892097273,0.7,-0.644342357482034,0.5592500638011151,0.2,1.0,-0.020374968099442448,0.7,-0.6849792318918245,0.5592500638011151,0.2,1.0,-0.020374968099442448
53,inference_categories,20,0.7205920068144401,0.5,-0.6945291234196448,0.03728333758674101,0.1,1.0,-0.38135833120662954,0.7,-0.651387998952851,0.1267633477949194,0.2,1.0,-0.2366183261025403,0.75,-0.653791410345948,0.21624335800309782,0.2,1.0,-0.1918783209984511
54,choice_only,20,0.6050956506499977,0.95,-0.6781771988906626,0.5735425432790918,0.3,1.0,0.0867712716395459,0.85,-0.4263012239821826,0.7442397287788216,0.3,1.0,0.1721198643894108,0.85,-0.4263012239821826,0.7442397287788216,0.3,1.0,0.1721198643894108
54,inference_affirm,20,0.7583530274818898,0.6,-0.689960708910043,0.15021352323976214,0.2,1.0,-0.22489323838011893,0.8,-0.590165251799548,0.45746845713927564,0.2,1.0,-0.07126577143036217,0.8,-0.6342961983744296,0.6076819803790378,0.2,1.0,0.003840990189518889
54,inference_categories,20,0.7300786874719449,0.9,-0.6830966817247749,0.40967324519935133,0.2,1.0,-0.09516337740032432,0.9,-0.350370941666705,0.5598867684391134,0.3,1.0,0.07994338421955671,0.9,-0.5789081041815607,0.6076819803790378,0.3,1.0,0.10384099018951887
55,choice_only,20,0.6136584457753037,0.65,-0.6882338211983772,0.4399433835235439,0.2,1.0,-0.08002830823822804,0.9,-0.40475795035425655,0.42503004848884746,0.3,1.0,0.012515024244423717,0.9,-0.40475795035425655,0.42503004848884746,0.3,1.0,0.012515024244423717
55,inference_affirm,20,0.6011158642150063,0.65,-0.6893713433146338,0.5741633988358116,0.3,1.0,0.08708169941790578,0.8,-0.5805097022320056,0.5294233937317223,0.3,1.0,0.06471169686586115,0.75,-0.6383055144711486,0.7382100842174719,0.3,1.0,0.16910504210873595
55,inference_categories,20,0.7765488539147127,0.75,-0.6871125489238815,0.29081003317657983,0.2,1.0,-0.15459498341171007,0.9,-0.32498036951186343,0.49959672366232943,0.3,1.0,0.049798361831164706,0.95,-0.5913660376832375,0.5890767338705079,0.3,1.0,0.09453836693525391
56,choice_only,20,0.4831312578312939,0.65,-0.6925193289316842,-0.2248996949799955,0.2,1.0,-0.41244984748999775,0.65,-0.6962997379917722,-0.051899929610768204,0.1,1.0,-0.4259499648053841,0.65,-0.6962997379917722,-0.051899929610768204,0.1,1.0,-0.4259499648053841
56,inference_affirm,20,0.6946074537979027,0.45,-0.6944039785776693,0.12109983575845912,0.2,1.0,-0.23945008212077043,0.75,-0.5046652789765845,0.5103493078392206,0.2,1.0,-0.04482534608038968,0.75,-0.6361607594517908,0.449799389959991,0.2,1.0,-0.07510030502000448
56,inference_categories,20,0.9732731600443802,0.5,-0.6928357415168476,-0.5881992022553729,0.0,1.0,-0.7940996011276864,0.65,-0.5486455034307837,0.35464951900691605,0.2,1.0,-0.12267524049654197,0.7,-0.6521735694787998,0.449799389959991,0.2,1.0,-0.07510030502000448
57,choice_only,20,0.782194155181868,0.45,-0.6959884316582567,0.2335496832484569,0.1,1.0,-0.28322515837577156,0.65,-0.636548964107459,0.5449492609130662,0.2,1.0,-0.027525369543466904,0.65,-0.636548964107459,0.5449492609130662,0.2,1.0,-0.027525369543466904
57,inference_affirm,20,0.5276593660145835,0.65,-0.6884877653354694,0.3892494720807615,0.1,1.0,-0.20537526395961928,0.65,-0.6684549625891048,0.5449492609130662,0.2,1.0,-0.027525369543466904,0.65,-0.6537422163345046,0.2335496832484569,0.2,1.0,-0.18322515837577152
57,inference_categories,20,0.45149682288388654,0.6,-0.690002276212694,0.7006490497453708,0.2,1.0,0.050324524872685406,0.55,-0.7028344079995168,0.7006490497453708,0.2,1.0,0.050324524872685406,0.65,-0.6970564451896667,0.6227991553292185,0.2,1.0,0.01139957766460925
58,choice_only,20,0.4038979880688865,0.7,-0.6896364110074026,0.6227991553292185,0.2,1.0,0.01139957766460925,0.85,-0.34569385369830646,0.4670993664969138,0.2,1.0,-0.06645031675154309,0.85,-0.34569385369830646,0.4670993664969138,0.2,1.0,-0.06645031675154309
58,inference_affirm,20,0.5,0.6,-0.6907655046700631,0.6227991553292185,0.2,1.0,0.01139957766460925,0.8,-0.584301731329785,0.6227991553292185,0.2,1.0,0.01139957766460925,0.75,-0.6553973395530991,0.6227991553292185,0.2,1.0,0.01139957766460925
58,inference_categories,20,0.7627377902724243,0.65,-0.6912973505116667,0.07784989441615231,0.1,1.0,-0.36107505279192387,0.85,-0.5003181708146013,0.4670993664969138,0.2,1.0,-0.06645031675154309,0.65,-0.6398469082431669,0.5449492609130662,0.1,1.0,-0.12752536954346694
59,choice_only,20,0.7961451264346169,0.55,-0.6918942581564991,0.15569978883230462,0.2,1.0,-0.22215010558384768,0.45,-0.7275592466114492,0.7006490497453708,0.2,1.0,0.050324524872685406,0.45,-0.7275592466114492,0.7006490497453708,0.2,1.0,0.050324524872685406
59,inference_affirm,20,0.7087352656715601,0.65,-0.6900426704715127,0.31139957766460924,0.1,1.0,-0.2443002111676954,0.85,-0.3407709223502942,0.5449492609130662,0.2,1.0,-0.027525369543466904,0.8,-0.5820456954790019,0.4670993664969138,0.2,1.0,-0.06645031675154309
59,inference_categories,20,0.6419583735228211,0.45,-0.692645937996542,0.4670993664969138,0.2,1.0,-0.06645031675154309,0.6,-0.6597314031911884,0.7006490497453708,0.2,1.0,0.050324524872685406,0.6,-0.6863231500915841,0.7006490497453708,0.2,1.0,0.050324524872685406
60,choice_only,20,0.5042673260218828,0.65,-0.6906270962077005,0.6076819803790378,0.3,1.0,0.10384099018951887,0.85,-0.32809038683046376,0.614509867799027,0.3,1.0,0.10725493389951352,0.85,-0.32809038683046376,0.614509867799027,0.3,1.0,0.10725493389951352
60,inference_affirm,20,0.39083285931190276,0.5,-0.6938896666624345,0.6349935300589945,0.3,1.0,0.11749676502949724,0.75,-0.4429510953704642,0.5667146558591026,0.3,1.0,0.0833573279295513,0.75,-0.6156598611218711,0.45746845713927564,0.3,1.0,0.02873422856963781
60,inference_categories,20,0.6450704345888205,0.4,-0.694345221440064,0.32773859615948103,0.3,1.0,-0.036130701920259495,0.8,-0.5627736023585266,0.5189194439191783,0.3,1.0,0.05945972195958915,0.8,-0.6393616115059699,0.5667146558591026,0.3,1.0,0.0833573279295513
61,choice_only,20,0.7965709369864841,0.85,-0.6846252887608288,0.051899929610768204,0.1,1.0,-0.37405003519461594,0.9,-0.3317574046714762,0.39789946034922286,0.2,1.0,-0.10105026982538856,0.9,-0.3317574046714762,0.39789946034922286,0.2,1.0,-0.10105026982538856
61,inference_affirm,20,0.7507981264627132,0.55,-0.6919648290886398,0.051899929610768204,0.2,1.0,-0.2740500351946159,0.65,-0.47385925349515945,0.39789946034922286,0.2,1.0,-0.10105026982538856,0.65,-0.6149660377234198,0.4930493313022979,0.2,1.0,-0.053475334348851045
61,inference_categories,20,0.8578441245858971,0.65,-0.688829375457766,-0.025949964805384102,0.1,1.0,-0.4129749824026921,0.75,-0.4935534684867845,0.39789946034922286,0.2,1.0,-0.10105026982538856,0.8,-0.6061365415320052,0.4930493313022979,0.2,1.0,-0.053475334348851045
62,choice_only,20,0.5093197548467201,0.5,-0.6922691072423786,0.6785567440786863,0.3,1.0,0.13927837203934312,0.7,-0.5350327386908273,0.6934700791133827,0.3,1.0,0.14673503955669132,0.7,-0.5350327386908273,0.6934700791133827,0.3,1.0,0.14673503955669132
62,inference_affirm,20,0.4259812571843133,0.5,-0.68901992089535,0.39520337841945463,0.2,1.0,-0.10239831079027267,0.8,-0.5333290804382076,0.6934700791133827,0.3,1.0,0.14673503955669132,0.75,-0.6300269038104063,0.27589669814188345,0.2,1.0,-0.16205165092905827
62,inference_categories,20,0.6448628032249785,0.55,-0.6896729973255189,0.27589669814188345,0.2,1.0,-0.16205165092905827,0.85,-0.4289317373953268,0.7531234192521683,0.3,1.0,0.17656170962608414,0.75,-0.6270121536678316,0.5145100586970258,0.2,1.0,-0.04274497065148708
63,choice_only,20,0.782194155181868,0.35,-0.694988264318677,0.3892494720807615,0.1,1.0,-0.20537526395961928,0.55,-0.7381121441701746,0.7006490497453708,0.2,1.0,0.050324524872685406,0.55,-0.7381121441701746,0.7006490497453708,0.2,1.0,0.050324524872685406
63,inference_affirm,20,0.8655733185466227,0.5,-0.6942731872600925,0.07784989441615231,0.1,1.0,-0.36107505279192387,0.6,-0.7181655753924601,0.5449492609130662,0.2,1.0,-0.027525369543466904,0.35,-0.699082976326866,0.6227991553292185,0.2,1.0,0.01139957766460925
63,inference_categories,20,0.8259221473525922,0.5,-0.6927035285063717,-0.2335496832484569,0.1,1.0,-0.5167748416242285,0.6,-0.7085169326205614,0.3892494720807615,0.1,1.0,-0.20537526395961928,0.6,-0.6939444525118361,0.3892494720807615,0.1,1.0,-0.20537526395961928
64,choice_only,20,0.4872005080570481,0.6,-0.6874057897017586,0.5598867684391134,0.3,1.0,0.07994338421955671,0.7,-0.5729232644731922,0.5394031061791459,0.3,1.0,0.06970155308957293,0.7,-0.5729232644731922,0.5394031061791459,0.3,1.0,0.06970155308957293
64,inference_affirm,20,0.5886685826689625,0.75,-0.6830351587212173,0.49843578165921076,0.3,1.0,0.04921789082960537,0.9,-0.3176634386164251,0.7032724042588865,0.4,1.0,0.25163620212944326,0.9,-0.5386552374437019,0.6418214174789838,0.3,1.0,0.12091070873949189
64,inference_categories,20,0.5594612998690082,0.8,-0.6865250083716895,0.6076819803790378,0.3,1.0,0.10384099018951887,0.9,-0.3173653846148576,0.5189194439191783,0.3,1.0,0.05945972195958915,0.9,-0.5493385509377596,0.7032724042588865,0.3,1.0,0.15163620212944323
65,choice_only,20,0.8630031772770361,0.45,-0.6948372860216142,-0.006465081838352358,0.1,1.0,-0.4032325409191762,0.7,-0.5010932364981453,0.32971917375597026,0.3,1.0,-0.03514041312201488,0.7,-0.5010932364981453,0.32971917375597026,0.3,1.0,-0.03514041312201488
65,inference_affirm,20,0.8342801381695756,0.4,-0.69385829235467,0.20041753698892312,0.3,1.0,-0.09979123150553845,0.6,-0.6051614454568894,0.756414575087226,0.4,1.0,0.278207287543613,0.6,-0.6564288629966161,0.8469257208241591,0.3,1.0,0.22346286041207952
65,inference_categories,20,0.7439761746976495,0.75,-0.6893543766700897,0.3038588464025609,0.3,1.0,-0.048070576798719566,0.8,-0.5279246373256802,0.4719509741997222,0.4,1.0,0.13597548709986113,0.75,-0.6388889810243908,0.7305542477338166,0.3,1.0,0.1652771238669083
66,choice_only,20,0.5,0.45,-0.6940476923340666,0.6227991553292185,0.2,1.0,0.01139957766460925,0.55,-0.7237944067270967,0.6227991553292185,0.2,1.0,0.01139957766460925,0.55,-0.7237944067270967,0.6227991553292185,0.2,1.0,0.01139957766460925
66,inference_affirm,20,0.8135317058136321,0.25,-0.6950958968560501,-0.2335496832484569,0.0,1.0,-0.6167748416242285,0.5,-0.7225840513321933,0.15569978883230462,0.1,1.0,-0.3221501055838477,0.4,-0.7042308729873922,0.15569978883230462,0.1,1.0,-0.3221501055838477
66,inference_categories,20,0.9139126997847375,0.35,-0.6960618933434547,-0.2335496832484569,0.0,1.0,-0.6167748416242285,0.5,-0.7203304241463668,-0.3892494720807615,0.1,1.0,-0.5946247360403808,0.65,-0.6911224755613324,0.31139957766460924,0.2,1.0,-0.14430021116769537
67,choice_only,20,0.6853565119055823,0.55,-0.6935542141347,0.15569978883230462,0.1,1.0,-0.3221501055838477,0.8,-0.6074921945476539,0.4670993664969138,0.1,1.0,-0.16645031675154312,0.8,-0.6074921945476539,0.4670993664969138,0.1,1.0,-0.16645031675154312
67,inference_affirm,20,0.8866528089278034,0.65,-0.6906310871495875,-0.15569978883230462,0.1,1.0,-0.47784989441615233,0.6,-0.7406057868709448,0.7006490497453708,0.2,1.0,0.050324524872685406,0.6,-0.6955894896613539,0.4670993664969138,0.2,1.0,-0.06645031675154309
67,inference_categories,20,0.7472264408667519,0.5,-0.6933777133265644,0.2335496832484569,0.1,1.0,-0.28322515837577156,0.8,-0.5337626449038704,0.3892494720807615,0.2,1.0,-0.10537526395961924,0.7,-0.6825588251536544,0.4670993664969138,0.2,1.0,-0.06645031675154309
68,choice_only,20,0.6224593312018547,0.7,-0.6912829639858006,0.3892494720807615,0.1,1.0,-0.20537526395961928,0.45,-0.7023691212844662,0.3892494720807615,0.2,1.0,-0.10537526395961924,0.45,-0.7023691212844662,0.3892494720807615,0.2,1.0,-0.10537526395961924
68,inference_affirm,20,0.45149682288388654,0.35,-0.6939323303646396,0.4670993664969138,0.1,1.0,-0.16645031675154312,0.55,-0.7167608268379088,0.3892494720807615,0.2,1.0,-0.10537526395961924,0.5,-0.7022561135089157,0.3892494720807615,0.1,1.0,-0.20537526395961928
68,inference_categories,20,0.725741675490595,0.75,-0.6904100080453929,0.2335496832484569,0.2,1.0,-0.18322515837577152,0.4,-0.8063127489115856,0.4670993664969138,0.2,1.0,-0.06645031675154309,0.45,-0.7051313457242363,0.6227991553292185,0.2,1.0,0.01139957766460925
69,choice_only,20,0.4259812571843133,0.65,-0.6920254677333697,0.11185001276022302,0.3,1.0,-0.14407499361988851,0.7,-0.6553470457999993,-0.007456667517348202,0.3,1.0,-0.2037283337586741,0.7,-0.6553470457999993,-0.007456667517348202,0.3,1.0,-0.2037283337586741
69,inference_affirm,20,0.8013574465433094,0.3,-0.6956811357987626,0.21624335800309782,0.2,1.0,-0.1918783209984511,0.55,-0.7208546100065312,0.4697700535929367,0.3,1.0,0.03488502679646835,0.6,-0.6908258735242734,0.5741633988358116,0.3,1.0,0.08708169941790578
69,inference_categories,20,0.29785842568217685,0.7,-0.6864691240186089,0.1565900178643122,0.3,1.0,-0.12170499106784391,0.8,-0.4712429271739384,-0.23115669303779424,0.3,1.0,-0.31557834651889716,0.85,-0.6020383265204066,-0.18641668793370506,0.3,1.0,-0.2932083439668525
70,choice_only,20,0.5279333877134728,0.5,-0.6934678231327143,0.27589669814188345,0.2,1.0,-0.16205165092905827,0.75,-0.48857281793296964,0.32063670324597265,0.2,1.0,-0.13968164837701366,0.75,-0.48857281793296964,0.32063670324597265,0.2,1.0,-0.13968164837701366
70,inference_affirm,20,0.4168908293076413,0.75,-0.6876635572423672,0.5294233937317223,0.3,1.0,0.06471169686586115,0.7,-0.5853503452510201,0.39520337841945463,0.2,1.0,-0.10239831079027267,0.65,-0.6488226527568096,0.39520337841945463,0.3,1.0,-0.0023983107902726952
70,inference_categories,20,0.6362790017655409,0.6,-0.6892855526599817,0.3504633733153655,0.3,1.0,-0.024768313342317272,0.6,-0.6049712950987673,0.6338167389745971,0.2,1.0,0.01690836948729857,0.65,-0.6494801286238158,0.5741633988358116,0.3,1.0,0.08708169941790578
71,choice_only,20,0.8866528089278034,0.45,-0.6945412323751302,-0.3892494720807615,0.1,1.0,-0.5946247360403808,0.45,-0.7990416469975118,0.2335496832484569,0.2,1.0,-0.18322515837577152,0.45,-0.7990416469975118,0.2335496832484569,0.2,1.0,-0.18322515837577152
71,inference_affirm,20,0.4038979880688865,0.45,-0.6919336570686908,0.31139957766460924,0.1,1.0,-0.2443002111676954,0.75,-0.6094577343121215,0.07784989441615231,0.1,1.0,-0.36107505279192387,0.8,-0.6395567287973443,0.15569978883230462,0.1,1.0,-0.3221501055838477
71,inference_categories,20,0.5961020119311136,0.25,-0.6960413353174153,0.31139957766460924,0.2,1.0,-0.14430021116769537,0.5,-0.740732484475215,0.3892494720807615,0.2,1.0,-0.10537526395961924,0.45,-0.7046153049332504,0.4670993664969138,0.2,1.0,-0.06645031675154309
72,choice_only,20,0.5162130420098027,0.35,-0.6964305171774463,0.3892494720807615,0.2,1.0,-0.10537526395961924,0.85,-0.4362774039702904,0.41519943688614563,0.2,1.0,-0.09240028155692717,0.85,-0.4362774039702904,0.41519943688614563,0.2,1.0,-0.09240028155692717
72,inference_affirm,20,0.7780343956304694,0.35,-0.6970230655345683,0.043249941342306836,0.2,1.0,-0.27837502932884656,0.75,-0.5249608857360827,0.5103493078392206,0.2,1.0,-0.04482534608038968,0.85,-0.6172598304723143,0.5449492609130662,0.2,1.0,-0.027525369543466904
72,inference_categories,20,0.6946074537979027,0.45,-0.6938856582534217,0.13839981229538187,0.2,1.0,-0.23080009385230904,0.75,-0.443438044165847,0.3719494955438387,0.2,1.0,-0.11402525222808063,0.7,-0.6145658710997461,0.4670993664969138,0.2,1.0,-0.06645031675154309
73,choice_only,20,0.8227910765687448,0.45,-0.6924962256120535,-0.12109983575845912,0.2,1.0,-0.3605499178792295,0.7,-0.6526447132801274,0.4930493313022979,0.2,1.0,-0.053475334348851045,0.7,-0.6526447132801274,0.4930493313022979,0.2,1.0,-0.053475334348851045
73,inference_affirm,20,0.6167436456859569,0.5,-0.6938496880156798,0.39789946034922286,0.2,1.0,-0.10105026982538856,0.65,-0.722719518342757,0.5881992022553729,0.2,1.0,-0.005900398872313528,0.45,-0.7010552216186167,0.5881992022553729,0.2,1.0,-0.005900398872313528
73,inference_categories,20,0.8927598708840764,0.15,-0.6971875643338539,-0.2248996949799955,0.2,1.0,-0.41244984748999775,0.45,-0.7244021387218739,0.7006490497453708,0.2,1.0,0.050324524872685406,0.55,-0.6943101284313353,0.6227991553292185,0.2,1.0,0.01139957766460925
74,choice_only,20,0.5485031771161133,0.55,-0.6911832863314585,0.31139957766460924,0.2,1.0,-0.14430021116769537,0.7,-0.5209582324149332,0.3892494720807615,0.2,1.0,-0.10537526395961924,0.7,-0.5209582324149332,0.3892494720807615,0.2,1.0,-0.10537526395961924
74,inference_affirm,20,0.3146434880944177,0.55,-0.6916684736054043,0.5449492609130662,0.2,1.0,-0.027525369543466904,0.55,-0.6558437084191222,-0.31139957766460924,0.1,1.0,-0.5556997888323046,0.65,-0.6860609744243498,0.2335496832484569,0.2,1.0,-0.18322515837577152
74,inference_categories,20,0.641958373522821,0.55,-0.6925368239742722,0.2335496832484569,0.2,1.0,-0.18322515837577152,0.6,-0.7283582815408834,0.4670993664969138,0.2,1.0,-0.06645031675154309,0.7,-0.6823717688084865,0.4670993664969138,0.2,1.0,-0.06645031675154309
75,choice_only,20,0.8508281652123456,0.7,-0.6898947694955003,-0.19800873517968648,0.3,1.0,-0.2990043675898433,0.8,-0.48553779300516114,0.49843578165921076,0.3,1.0,0.04921789082960537,0.8,-0.48553779300516114,0.49843578165921076,0.3,1.0,0.04921789082960537
75,inference_affirm,20,0.946731433256278,0.55,-0.6941035963397295,-0.3823616955193946,0.1,1.0,-0.5911808477596974,0.75,-0.4560363865750345,0.4438126822992972,0.4,1.0,0.12190634114964863,0.75,-0.5975531878700729,0.36870592067941615,0.3,1.0,-0.015647039660291934
75,inference_categories,20,0.9440890308396722,0.4,-0.6949490084051776,-0.3345664835794702,0.1,1.0,-0.5672832417897351,0.6,-0.573632628163885,0.12972986097979458,0.2,1.0,-0.2351350695101027,0.65,-0.6240946290218018,0.39601747035937296,0.3,1.0,-0.001991264820313532
76,choice_only,20,0.1557887105664735,0.5,-0.6940853795494686,0.7510676161988107,0.2,1.0,0.07553380809940535,0.6,-0.6925724717890904,0.07510676161988107,0.2,1.0,-0.26244661919005946,0.6,-0.6925724717890904,0.07510676161988107,0.2,1.0,-0.26244661919005946
76,inference_affirm,20,0.6594267930460813,0.6,-0.690740268433503,0.1365577483997838,0.3,1.0,-0.1317211258001081,0.65,-0.6552846615078912,0.5257473313391675,0.2,1.0,-0.03712633433041623,0.65,-0.6577468583970484,0.6008540929590486,0.2,1.0,0.00042704647952429564
76,inference_categories,20,0.9774733630318295,0.6,-0.6910536927451508,-0.18435296033970808,0.0,1.0,-0.592176480169854,0.7,-0.683347754935195,0.648649304898973,0.4,1.0,0.22432465244948652,0.7,-0.6731981764309437,0.7237560665188539,0.3,1.0,0.16187803325942696
77,choice_only,20,0.9202865940790026,0.8,-0.6905590940702748,-0.2335496832484569,0.1,1.0,-0.5167748416242285,0.55,-0.6779477643436032,0.5449492609130662,0.2,1.0,-0.027525369543466904,0.55,-0.6779477643436032,0.5449492609130662,0.2,1.0,-0.027525369543466904
77,inference_affirm,20,0.8655733185466227,0.75,-0.6899438305551817,0.07784989441615231,0.1,1.0,-0.36107505279192387,0.8,-0.46025273871210226,0.4670993664969138,0.2,1.0,-0.06645031675154309,0.75,-0.6277088766371921,0.6227991553292185,0.2,1.0,0.01139957766460925
77,inference_categories,20,0.9047904074727785,0.65,-0.6918647896949541,-0.07784989441615231,0.1,1.0,-0.4389249472080762,0.7,-0.5142131720752079,0.6227991553292185,0.2,1.0,0.01139957766460925,0.75,-0.6051653126798815,0.6227991553292185,0.2,1.0,0.01139957766460925
78,choice_only,20,0.9500858282408039,0.35,-0.6966994464177493,-0.3892494720807615,0.0,1.0,-0.6946247360403808,0.5,-0.7469286931207191,0.3892494720807615,0.2,1.0,-0.10537526395961924,0.5,-0.7469286931207191,0.3892494720807615,0.2,1.0,-0.10537526395961924
78,inference_affirm,20,0.5485031771161134,0.5,-0.6945201333332264,0.5449492609130662,0.2,1.0,-0.027525369543466904,0.8,-0.6078227352933545,0.4670993664969138,0.2,1.0,-0.06645031675154309,0.75,-0.6868266541721271,0.6227991553292185,0.2,1.0,0.01139957766460925
78,inference_categories,20,0.7472264408667519,0.4,-0.6943900864639654,0.31139957766460924,0.1,1.0,-0.2443002111676954,0.75,-0.6094138253934884,0.6227991553292185,0.2,1.0,0.01139957766460925,0.55,-0.6715111849199897,0.5449492609130662,0.2,1.0,-0.027525369543466904
79,choice_only,20,0.7765488539147128,0.55,-0.692909338438649,0.27589669814188345,0.2,1.0,-0.16205165092905827,0.75,-0.6368974006634494,0.5741633988358116,0.3,1.0,0.08708169941790578,0.75,-0.6368974006634494,0.5741633988358116,0.3,1.0,0.08708169941790578
79,inference_affirm,20,0.5,0.3,-0.6956676853959147,0.39520337841945463,0.2,1.0,-0.10239831079027267,0.75,-0.6244021991099782,0.45485671855824034,0.2,1.0,-0.07257164072087982,0.6,-0.6870591600556952,0.39520337841945463,0.2,1.0,-0.10239831079027267
79,inference_categories,20,0.46278560987470485,0.55,-0.6907179032921622,0.5145100586970258,0.2,1.0,-0.04274497065148708,0.75,-0.5922761575852328,0.21624335800309782,0.2,1.0,-0.1918783209984511,0.7,-0.6684160620624536,0.45485671855824034,0.2,1.0,-0.07257164072087982
80,choice_only,20,0.6064703470734771,0.8,-0.6905761169713037,0.06054991787922956,0.2,1.0,-0.2697250410603852,0.8,-0.4225503428093278,0.2335496832484569,0.2,1.0,-0.18322515837577152,0.8,-0.4225503428093278,0.2335496832484569,0.2,1.0,-0.18322515837577152
80,inference_affirm,20,0.8844612690690234,0.45,-0.6945746197284913,-0.14704980056384323,0.1,1.0,-0.4735249002819216,0.75,-0.5358752724895885,0.06054991787922956,0.1,1.0,-0.36972504106038523,0.8,-0.6569128221976197,0.4670993664969138,0.2,1.0,-0.06645031675154309
80,inference_categories,20,0.7821941551818679,0.8,-0.6850713416088289,0.07784989441615231,0.1,1.0,-0.36107505279192387,0.85,-0.35311079391780964,0.31139957766460924,0.2,1.0,-0.14430021116769537,0.85,-0.620650801295327,0.3892494720807615,0.2,1.0,-0.10537526395961924
81,choice_only,20,0.7098797509875151,0.75,-0.6835741001781623,0.32063670324597265,0.3,1.0,-0.039681648377013684,0.75,-0.43184335347402103,0.6785567440786863,0.3,1.0,0.13927837203934312,0.75,-0.43184335347402103,0.6785567440786863,0.3,1.0,0.13927837203934312
81,inference_affirm,20,0.6276075375594746,0.85,-0.6832339661366077,0.3802900433847583,0.3,1.0,-0.00985497830762086,0.7,-0.5101380790332993,0.7531234192521683,0.3,1.0,0.17656170962608414,0.65,-0.6187693467623332,0.5890767338705079,0.3,1.0,0.09453836693525391
81,inference_categories,20,0.6617494409681475,0.75,-0.6849178921981722,0.32063670324597265,0.3,1.0,-0.039681648377013684,0.8,-0.3955324723206249,0.42503004848884746,0.3,1.0,0.012515024244423717,0.85,-0.5900558251646589,0.5890767338705079,0.3,1.0,0.09453836693525391
82,choice_only,20,0.7803373692242906,0.65,-0.6881595720240137,0.17150335289900862,0.3,1.0,-0.1142483235504957,0.8,-0.4500565721518064,0.6785567440786863,0.3,1.0,0.13927837203934312,0.8,-0.4500565721518064,0.6785567440786863,0.3,1.0,0.13927837203934312
82,inference_affirm,20,0.7605657044439825,0.75,-0.6857577598933513,0.007456667517348202,0.3,1.0,-0.19627166624132591,0.9,-0.25552374901748454,0.29081003317657983,0.3,1.0,-0.054594983411710096,0.9,-0.540486498359539,0.4697700535929367,0.3,1.0,0.03488502679646835
82,inference_categories,20,0.7866613120600521,0.7,-0.6899876159801412,0.007456667517348202,0.3,1.0,-0.19627166624132591,0.85,-0.3421948460879977,0.23115669303779424,0.3,1.0,-0.08442165348110289,0.85,-0.5599837598755375,0.5294233937317223,0.3,1.0,0.06471169686586115
83,choice_only,20,0.7512890673869659,0.65,-0.6894321577333519,0.06919990614769093,0.0,1.0,-0.46540004692615455,0.65,-0.6264346860257205,0.31139957766460924,0.1,1.0,-0.2443002111676954,0.65,-0.6264346860257205,0.31139957766460924,0.1,1.0,-0.2443002111676954
83,inference_affirm,20,0.8607758471260988,0.65,-0.6907914219922329,-0.449799389959991,0.0,1.0,-0.7248996949799955,0.6,-0.7658537740756471,0.3373495424699933,0.2,1.0,-0.13132522876500333,0.6,-0.6950458734692432,-0.12109983575845912,0.2,1.0,-0.3605499178792295
83,inference_categories,20,0.8196159883183918,0.75,-0.689859796018872,-0.06054991787922956,0.1,1.0,-0.4302749589396148,0.5,-0.6817226896415983,0.3892494720807615,0.2,1.0,-0.10537526395961924,0.6,-0.6785833482792258,0.5449492609130662,0.1,1.0,-0.12752536954346694
84,choice_only,20,0.8135317058136321,0.55,-0.6917825157044293,-0.15569978883230462,0.1,1.0,-0.47784989441615233,0.6,-0.668657488703545,0.2335496832484569,0.2,1.0,-0.18322515837577152,0.6,-0.668657488703545,0.2335496832484569,0.2,1.0,-0.18322515837577152
84,inference_affirm,20,0.5961020119311136,0.5,-0.6931420308036624,0.31139957766460924,0.2,1.0,-0.14430021116769537,0.45,-0.7149476418818891,0.3892494720807615,0.2,1.0,-0.10537526395961924,0.4,-0.7039809132775845,0.4670993664969138,0.2,1.0,-0.06645031675154309
84,inference_categories,20,0.5485031771161134,0.45,-0.6955090919075398,0.2335496832484569,0.2,1.0,-0.18322515837577152,0.55,-0.706631291488759,0.2335496832484569,0.2,1.0,-0.18322515837577152,0.6,-0.6822798312906642,0.31139957766460924,0.2,1.0,-0.14430021116769537
85,choice_only,20,0.858746402495809,0.6,-0.6923761181384421,-0.42503004848884746,0.1,1.0,-0.6125150242444237,0.6,-0.5963212355786645,0.09693667772552661,0.2,1.0,-0.2515316611372367,0.6,-0.5963212355786645,0.09693667772552661,0.2,1.0,-0.2515316611372367
85,inference_affirm,20,0.8875444107247452,0.55,-0.6943162021524586,-0.0521966726214374,0.2,1.0,-0.3260983363107187,0.55,-0.714501197375683,0.45485671855824034,0.2,1.0,-0.07257164072087982,0.6,-0.6930133471775272,0.5741633988358116,0.3,1.0,0.08708169941790578
85,inference_categories,20,0.8912122148846721,0.65,-0.6927692695640949,-0.007456667517348202,0.2,1.0,-0.3037283337586741,0.45,-0.7663702676682177,0.41011671345415107,0.2,1.0,-0.09494164327292445,0.15,-0.7027329963757498,0.6338167389745971,0.3,1.0,0.11690836948729855
86,choice_only,20,0.6782337738858959,0.2,-0.6962311419645236,-0.1267633477949194,0.2,1.0,-0.3633816738974597,0.4,-0.7682345565519916,0.17150335289900862,0.2,1.0,-0.21424832355049567,0.4,-0.7682345565519916,0.17150335289900862,0.2,1.0,-0.21424832355049567
86,inference_affirm,20,0.9548077140956415,0.3,-0.6969451302878215,-0.3802900433847583,0.1,1.0,-0.5901450216923791,0.6,-0.767234437047865,0.3057233682112762,0.2,1.0,-0.14713831589436188,0.6,-0.7031744285327242,0.4399433835235439,0.3,1.0,0.019971691761771937
86,inference_categories,20,0.7249932650747024,0.45,-0.6926915649986171,-0.022370002552044604,0.2,1.0,-0.3111850012760223,0.7,-0.5854606742248826,0.3802900433847583,0.3,1.0,-0.00985497830762086,0.7,-0.6725155178241791,0.36537670835006186,0.2,1.0,-0.11731164582496906
87,choice_only,20,0.2234511460852872,0.7,-0.6940536426353882,0.5741633988358116,0.3,1.0,0.08708169941790578,0.6,-0.761513676347208,0.27589669814188345,0.2,1.0,-0.16205165092905827,0.6,-0.761513676347208,0.27589669814188345,0.2,1.0,-0.16205165092905827
87,inference_affirm,20,0.5464696768471603,0.7,-0.689210534343706,0.24607002807249062,0.2,1.0,-0.17696498596375468,0.55,-0.6086937456657319,0.3802900433847583,0.2,1.0,-0.10985497830762084,0.55,-0.682882116547236,0.32063670324597265,0.2,1.0,-0.13968164837701366
87,inference_categories,20,0.5279333877134728,0.45,-0.6935876427681928,0.6338167389745971,0.3,1.0,0.11690836948729855,0.65,-0.633024615347794,0.6636434090439899,0.3,1.0,0.13182170452199493,0.55,-0.6970813775860124,0.6785567440786863,0.3,1.0,0.13927837203934312
88,choice_only,20,0.7425472054392614,0.7,-0.6893345459861246,0.3802900433847583,0.2,1.0,-0.10985497830762084,0.7,-0.672880831978372,0.6039900689052043,0.3,1.0,0.10199503445260216,0.7,-0.672880831978372,0.6039900689052043,0.3,1.0,0.10199503445260216
88,inference_affirm,20,0.5921434441050178,0.5,-0.6938439445491291,0.49959672366232943,0.3,1.0,0.049798361831164706,0.7,-0.6931546059540499,0.7382100842174719,0.3,1.0,0.16910504210873595,0.7,-0.6523696102243615,0.6487300740092935,0.3,1.0,0.12436503700464674
88,inference_categories,20,0.514808184106412,0.6,-0.6919792612682383,0.42503004848884746,0.3,1.0,0.012515024244423717,0.85,-0.5805989133370673,0.6636434090439899,0.3,1.0,0.13182170452199493,0.75,-0.5946380629502878,0.6487300740092935,0.2,1.0,0.02436503700464676
89,choice_only,20,0.8396711710776045,0.3,-0.6959122718780801,-0.17150335289900862,0.2,1.0,-0.3857516764495043,0.55,-0.6486311520245251,0.29081003317657983,0.3,1.0,-0.054594983411710096,0.55,-0.6486311520245251,0.29081003317657983,0.3,1.0,-0.054594983411710096
89,inference_affirm,20,0.8013574465433094,0.4,-0.6952512846648998,-0.3802900433847583,0.1,1.0,-0.5901450216923791,0.75,-0.6537618811165642,0.11185001276022302,0.3,1.0,-0.14407499361988851,0.7,-0.6914773545110273,-0.022370002552044604,0.2,1.0,-0.3111850012760223
89,inference_categories,20,0.5410200871856952,0.5,-0.6946646566237286,0.3504633733153655,0.2,1.0,-0.12476831334231725,0.45,-0.7665334527171753,0.7531234192521683,0.3,1.0,0.17656170962608414,0.6,-0.6982515417482535,0.21624335800309782,0.3,1.0,-0.0918783209984511
90,choice_only,20,0.5961020119311136,0.5,-0.6923370304391434,0.3892494720807615,0.2,1.0,-0.10537526395961924,0.4,-0.7485205106225632,0.5449492609130662,0.2,1.0,-0.027525369543466904,0.4,-0.7485205106225632,0.5449492609130662,0.2,1.0,-0.027525369543466904
90,inference_affirm,20,0.3580416264771789,0.65,-0.691476840709167,0.31139957766460924,0.1,1.0,-0.2443002111676954,0.7,-0.5973767508838554,0.15569978883230462,0.1,1.0,-0.3221501055838477,0.7,-0.6423371543060975,0.07784989441615231,0.1,1.0,-0.36107505279192387
90,inference_categories,20,0.8259221473525922,0.35,-0.6964561886698172,-0.15569978883230462,0.1,1.0,-0.47784989441615233,0.55,-0.7462196326910682,0.4670993664969138,0.1,1.0,-0.16645031675154312,0.65,-0.6912252307847598,0.4670993664969138,0.1,1.0,-0.16645031675154312
91,choice_only,20,0.5,0.75,-0.6858472031967822,0.15569978883230462,0.1,1.0,-0.3221501055838477,0.75,-0.5410334448251735,0.15569978883230462,0.1,1.0,-0.3221501055838477,0.75,-0.5410334448251735,0.15569978883230462,0.1,1.0,-0.3221501055838477
91,inference_affirm,20,0.9500858282408039,0.6,-0.6958397733234398,-0.31139957766460924,0.0,1.0,-0.6556997888323046,0.55,-0.7246071244292154,0.15569978883230462,0.1,1.0,-0.3221501055838477,0.55,-0.6945271839954534,0.4670993664969138,0.2,1.0,-0.06645031675154309
91,inference_categories,20,0.4242439839928166,0.65,-0.6873080771417257,0.31139957766460924,0.2,1.0,-0.14430021116769537,0.8,-0.5698924620865173,0.07784989441615231,0.1,1.0,-0.36107505279192387,0.7,-0.6369353072437568,0.3892494720807615,0.1,1.0,-0.20537526395961928
92,choice_only,20,0.5209562680630262,0.8,-0.6911747532128241,-0.19894973017461143,0.2,1.0,-0.3994748650873057,0.85,-0.46892074454061233,0.03459995307384547,0.1,1.0,-0.3827000234630773,0.85,-0.46892074454061233,0.03459995307384547,0.1,1.0,-0.3827000234630773
92,inference_affirm,20,0.37308626148341895,0.35,-0.694884806817681,0.025949964805384102,0.2,1.0,-0.2870250175973079,0.35,-0.7157367629265211,-0.35464951900691605,0.1,1.0,-0.5773247595034581,0.5,-0.6818233536783324,-0.18164975363768868,0.2,1.0,-0.3908248768188443
92,inference_categories,20,0.1709906072021682,0.65,-0.6919006989602021,0.6227991553292185,0.2,1.0,0.01139957766460925,0.4,-0.7391850510049455,-0.03459995307384547,0.1,1.0,-0.41729997653692275,0.5,-0.6918798834048683,-0.008649988268461367,0.2,1.0,-0.3043249941342307
93,choice_only,20,0.5186330359931195,0.75,-0.6899671177026628,0.39520337841945463,0.3,1.0,-0.0023983107902726952,0.75,-0.5647832944568365,0.42503004848884746,0.3,1.0,0.012515024244423717,0.75,-0.5647832944568365,0.42503004848884746,0.3,1.0,0.012515024244423717
93,inference_affirm,20,0.4259812571843133,0.6,-0.6926371637881575,0.20133002296840144,0.3,1.0,-0.09933498851579929,0.65,-0.5262884832207191,0.17150335289900862,0.3,1.0,-0.1142483235504957,0.7,-0.6379899194324002,0.08202334269083021,0.3,1.0,-0.1589883286545849
93,inference_categories,20,0.8240358061071318,0.65,-0.692837584847301,-0.17150335289900862,0.2,1.0,-0.3857516764495043,0.75,-0.5631572948263237,0.3057233682112762,0.3,1.0,-0.047138315894361904,0.75,-0.6528946064599447,0.24607002807249062,0.3,1.0,-0.0769649859637547
94,choice_only,20,0.4351120176708852,0.6,-0.6913058600980924,0.2935991590595351,0.4,1.0,0.04679957952976757,0.7,-0.6495835942189171,0.38918958293938377,0.3,1.0,-0.005405208530308125,0.7,-0.6495835942189171,0.38918958293938377,0.3,1.0,-0.005405208530308125
94,inference_affirm,20,0.8455162481466303,0.7,-0.6912116591172827,-0.0682788741998919,0.2,1.0,-0.3341394370999459,0.7,-0.6012221574455401,0.5530588810191244,0.4,1.0,0.1765294405095622,0.65,-0.6598016303382113,0.21166451001966485,0.4,1.0,0.005832255009832449
94,inference_categories,20,0.669259239976007,0.4,-0.6946634309963696,0.11607408613981621,0.3,1.0,-0.14196295693009192,0.75,-0.6101923064046255,0.03413943709994595,0.4,1.0,-0.08293028145002701,0.6,-0.6675439393523336,0.19800873517968648,0.4,1.0,-0.0009956324101567382
95,choice_only,20,0.7342656232647493,0.55,-0.693087838731781,-0.5276492843761433,0.0,1.0,-0.7638246421880717,0.4,-0.7830680063845945,-0.12109983575845912,0.0,1.0,-0.5605499178792296,0.4,-0.7830680063845945,-0.12109983575845912,0.0,1.0,-0.5605499178792296
95,inference_affirm,20,0.751289067386966,0.7,-0.6916087246371266,0.3027495893961478,0.1,1.0,-0.2486252053019261,0.55,-0.7327136473426669,0.3719494955438387,0.2,1.0,-0.11402525222808063,0.5,-0.6977710211776409,0.5449492609130662,0.2,1.0,-0.027525369543466904
95,inference_categories,20,0.7627377902724242,0.55,-0.6925974127159352,0.043249941342306836,0.2,1.0,-0.27837502932884656,0.7,-0.7116700878162191,0.32004956593307055,0.2,1.0,-0.13997521703346472,0.6,-0.6941062295478179,0.5103493078392206,0.2,1.0,-0.04482534608038968
96,choice_only,20,0.4729950910324462,0.6,-0.6897715990482775,-0.31139957766460924,0.1,1.0,-0.5556997888323046,0.65,-0.6689423739026958,-0.35464951900691605,0.1,1.0,-0.5773247595034581,0.65,-0.6689423739026958,-0.35464951900691605,0.1,1.0,-0.5773247595034581
96,inference_affirm,20,0.20385487356538323,0.75,-0.6851514895258554,0.39789946034922286,0.2,1.0,-0.10105026982538856,0.55,-0.5725610110530399,-0.051899929610768204,0.2,1.0,-0.3259499648053841,0.6,-0.6393968360537532,-0.14704980056384323,0.2,1.0,-0.3735249002819216
96,inference_categories,20,0.29629600660824545,0.8,-0.6898418729492377,0.6833490732084478,0.2,1.0,0.04167453660422393,0.7,-0.6021624392877587,0.5103493078392206,0.2,1.0,-0.04482534608038968,0.65,-0.6885965548725765,0.3373495424699933,0.2,1.0,-0.13132522876500333
97,choice_only,20,0.3580416264771789,0.65,-0.6889117889213724,0.11244984748999776,0.1,1.0,-0.34377507625500114,0.55,-0.6320768643235775,-0.12109983575845912,0.1,1.0,-0.4605499178792296,0.55,-0.6320768643235775,-0.12109983575845912,0.1,1.0,-0.4605499178792296
97,inference_affirm,20,0.626913738516581,0.4,-0.6944400164305027,-0.07784989441615231,0.1,1.0,-0.4389249472080762,0.5,-0.7081734086343633,0.051899929610768204,0.1,1.0,-0.37405003519461594,0.4,-0.6996035709861428,0.1297498240269205,0.1,1.0,-0.3351250879865398
97,inference_categories,20,0.32879855664627133,0.55,-0.6933373404830012,-0.017299976536922734,0.1,1.0,-0.4086499882684614,0.6,-0.7233445798596039,-0.31139957766460924,0.1,1.0,-0.5556997888323046,0.75,-0.6850588500777743,-0.3027495893961478,0.1,1.0,-0.5513747946980739
98,choice_only,20,0.3637209982344593,0.65,-0.6858801327571252,0.7978634243562575,0.3,1.0,0.19893171217812872,0.9,-0.3289580093387815,0.5741633988358116,0.3,1.0,0.08708169941790578,0.9,-0.3289580093387815,0.5741633988358116,0.3,1.0,0.08708169941790578
98,inference_affirm,20,0.3811468227552814,0.7,-0.6838826507214226,0.6785567440786863,0.3,1.0,0.13927837203934312,0.8,-0.3280579137182215,0.29081003317657983,0.3,1.0,-0.054594983411710096,0.85,-0.5612869948930432,0.4846833886276331,0.3,1.0,0.04234169431381654
98,inference_categories,20,0.5,0.7,-0.6853626169697675,0.6487300740092935,0.3,1.0,0.12436503700464674,0.9,-0.37431846602033814,0.49959672366232943,0.3,1.0,0.049798361831164706,0.85,-0.5731025618115495,0.6487300740092935,0.3,1.0,0.12436503700464674
99,choice_only,20,0.9202865940790026,0.35,-0.6963696819952165,-0.07784989441615231,0.1,1.0,-0.4389249472080762,0.55,-0.6800901589554319,0.7006490497453708,0.2,1.0,0.050324524872685406,0.55,-0.6800901589554319,0.7006490497453708,0.2,1.0,0.050324524872685406
99,inference_affirm,20,0.9047904074727785,0.65,-0.6897724242888095,-0.2335496832484569,0.1,1.0,-0.5167748416242285,0.7,-0.5586901349345468,0.3892494720807615,0.2,1.0,-0.10537526395961924,0.65,-0.6534413773443465,0.4670993664969138,0.2,1.0,-0.06645031675154309
99,inference_categories,20,0.7087352656715602,0.7,-0.6892196852143283,0.15569978883230462,0.1,1.0,-0.3221501055838477,0.65,-0.5412189294820495,0.31139957766460924,0.2,1.0,-0.14430021116769537,0.65,-0.6530168877885217,0.31139957766460924,0.2,1.0,-0.14430021116769537
