condition,lambda,scale,alpha,test_ll_std,test_ll_part,test_acc_std,test_acc_part,delta_ll,delta_acc,n_obs
choice_only,0.05,0.5,0.0,-0.6926096445676121,-0.6548652643993677,0.6177419354838709,0.6298387096774193,0.03774438016824445,0.012096774193548385,62
choice_only,0.05,0.5,0.02,-0.6926096445676121,-0.6548652643993677,0.6177419354838709,0.6298387096774193,0.03774438016824445,0.012096774193548385,62
choice_only,0.05,0.5,0.05,-0.6926096445676121,-0.6548652643993677,0.6177419354838709,0.6298387096774193,0.03774438016824445,0.012096774193548385,62
choice_only,0.05,0.5,0.1,-0.6926096445676121,-0.6548652643993677,0.6177419354838709,0.6298387096774193,0.03774438016824445,0.012096774193548385,62
choice_only,0.05,0.5,0.15,-0.6926096445676121,-0.6548652643993677,0.6177419354838709,0.6298387096774193,0.03774438016824445,0.012096774193548385,62
choice_only,0.05,0.5,0.2,-0.6926096445676121,-0.6548652643993677,0.6177419354838709,0.6298387096774193,0.03774438016824445,0.012096774193548385,62
choice_only,0.05,0.5,0.3,-0.6926096445676121,-0.6548652643993677,0.6177419354838709,0.6298387096774193,0.03774438016824445,0.012096774193548385,62
choice_only,0.05,0.5,0.5,-0.6926096445676121,-0.6548652643993677,0.6177419354838709,0.6298387096774193,0.03774438016824445,0.012096774193548385,62
choice_only,0.05,0.5,0.75,-0.6926096445676121,-0.6548652643993677,0.6177419354838709,0.6298387096774193,0.03774438016824445,0.012096774193548385,62
choice_only,0.05,0.5,1.0,-0.6926096445676121,-0.6548652643993677,0.6177419354838709,0.6298387096774193,0.03774438016824445,0.012096774193548385,62
choice_only,0.05,1.0,0.0,-0.6926096445676121,-0.6548652643993677,0.6177419354838709,0.6298387096774193,0.03774438016824445,0.012096774193548385,62
choice_only,0.05,1.0,0.02,-0.6926096445676121,-0.6548652643993677,0.6177419354838709,0.6298387096774193,0.03774438016824445,0.012096774193548385,62
choice_only,0.05,1.0,0.05,-0.6926096445676121,-0.6548652643993677,0.6177419354838709,0.6298387096774193,0.03774438016824445,0.012096774193548385,62
choice_only,0.05,1.0,0.1,-0.6926096445676121,-0.6548652643993677,0.6177419354838709,0.6298387096774193,0.03774438016824445,0.012096774193548385,62
choice_only,0.05,1.0,0.15,-0.6926096445676121,-0.6548652643993677,0.6177419354838709,0.6298387096774193,0.03774438016824445,0.012096774193548385,62
choice_only,0.05,1.0,0.2,-0.6926096445676121,-0.6548652643993677,0.6177419354838709,0.6298387096774193,0.03774438016824445,0.012096774193548385,62
choice_only,0.05,1.0,0.3,-0.6926096445676121,-0.6548652643993677,0.6177419354838709,0.6298387096774193,0.03774438016824445,0.012096774193548385,62
choice_only,0.05,1.0,0.5,-0.6926096445676121,-0.6548652643993677,0.6177419354838709,0.6298387096774193,0.03774438016824445,0.012096774193548385,62
choice_only,0.05,1.0,0.75,-0.6926096445676121,-0.6548652643993677,0.6177419354838709,0.6298387096774193,0.03774438016824445,0.012096774193548385,62
choice_only,0.05,1.0,1.0,-0.6926096445676121,-0.6548652643993677,0.6177419354838709,0.6298387096774193,0.03774438016824445,0.012096774193548385,62
choice_only,0.05,1.5,0.0,-0.6926096445676121,-0.6548652643993677,0.6177419354838709,0.6298387096774193,0.03774438016824445,0.012096774193548385,62
choice_only,0.05,1.5,0.02,-0.6926096445676121,-0.6548652643993677,0.6177419354838709,0.6298387096774193,0.03774438016824445,0.012096774193548385,62
choice_only,0.05,1.5,0.05,-0.6926096445676121,-0.6548652643993677,0.6177419354838709,0.6298387096774193,0.03774438016824445,0.012096774193548385,62
choice_only,0.05,1.5,0.1,-0.6926096445676121,-0.6548652643993677,0.6177419354838709,0.6298387096774193,0.03774438016824445,0.012096774193548385,62
choice_only,0.05,1.5,0.15,-0.6926096445676121,-0.6548652643993677,0.6177419354838709,0.6298387096774193,0.03774438016824445,0.012096774193548385,62
choice_only,0.05,1.5,0.2,-0.6926096445676121,-0.6548652643993677,0.6177419354838709,0.6298387096774193,0.03774438016824445,0.012096774193548385,62
choice_only,0.05,1.5,0.3,-0.6926096445676121,-0.6548652643993677,0.6177419354838709,0.6298387096774193,0.03774438016824445,0.012096774193548385,62
choice_only,0.05,1.5,0.5,-0.6926096445676121,-0.6548652643993677,0.6177419354838709,0.6298387096774193,0.03774438016824445,0.012096774193548385,62
choice_only,0.05,1.5,0.75,-0.6926096445676121,-0.6548652643993677,0.6177419354838709,0.6298387096774193,0.03774438016824445,0.012096774193548385,62
choice_only,0.05,1.5,1.0,-0.6926096445676121,-0.6548652643993677,0.6177419354838709,0.6298387096774193,0.03774438016824445,0.012096774193548385,62
inference_affirm,0.05,0.5,0.0,-0.6921247169780023,-0.6284584149985779,0.7125,0.675,0.06366630197942438,-0.0375,20
inference_affirm,0.05,0.5,0.02,-0.6921247169780023,-0.6286183534724409,0.7125,0.675,0.06350636350556138,-0.0375,20
inference_affirm,0.05,0.5,0.05,-0.6921247169780023,-0.628866610498699,0.7125,0.675,0.06325810647930323,-0.0375,20
inference_affirm,0.05,0.5,0.1,-0.6921247169780023,-0.6293045760248281,0.7125,0.675,0.06282014095317412,-0.0375,20
inference_affirm,0.05,0.5,0.15,-0.6921247169780023,-0.6297759923145048,0.7125,0.675,0.06234872466349754,-0.0375,20
inference_affirm,0.05,0.5,0.2,-0.6921247169780023,-0.6302843610863713,0.7125,0.675,0.06184035589163099,-0.0375,20
inference_affirm,0.05,0.5,0.3,-0.6921247169780023,-0.6314228497570616,0.7125,0.6875,0.0607018672209406,-0.025,20
inference_affirm,0.05,0.5,0.5,-0.6921247169780023,-0.6341980691457387,0.7125,0.6875,0.05792664783226349,-0.025,20
inference_affirm,0.05,0.5,0.75,-0.6921247169780023,-0.6383411221007155,0.7125,0.7125,0.053783594877286844,0.0,20
inference_affirm,0.05,0.5,1.0,-0.6921247169780023,-0.6426686199971298,0.7125,0.7,0.049456096980872555,-0.0125,20
inference_affirm,0.05,1.0,0.0,-0.6921247169780023,-0.6284584149985779,0.7125,0.675,0.06366630197942438,-0.0375,20
inference_affirm,0.05,1.0,0.02,-0.6921247169780023,-0.6285659798322094,0.7125,0.675,0.0635587371457929,-0.0375,20
inference_affirm,0.05,1.0,0.05,-0.6921247169780023,-0.6287758048857821,0.7125,0.6625,0.06334891209222011,-0.05,20
inference_affirm,0.05,1.0,0.1,-0.6921247169780023,-0.6292645671415349,0.7125,0.6625,0.06286014983646734,-0.05,20
inference_affirm,0.05,1.0,0.15,-0.6921247169780023,-0.6299384532925958,0.7125,0.6625,0.062186263685406515,-0.05,20
inference_affirm,0.05,1.0,0.2,-0.6921247169780023,-0.6308021380939738,0.7125,0.675,0.06132257888402846,-0.0375,20
inference_affirm,0.05,1.0,0.3,-0.6921247169780023,-0.6330638177975811,0.7125,0.6875,0.0590608991804211,-0.025,20
inference_affirm,0.05,1.0,0.5,-0.6921247169780023,-0.6390452146649597,0.7125,0.7125,0.053079502313042516,0.0,20
inference_affirm,0.05,1.0,0.75,-0.6921247169780023,-0.64714006334959,0.7125,0.6625,0.044984653628412294,-0.05,20
inference_affirm,0.05,1.0,1.0,-0.6921247169780023,-0.6543454073713912,0.7125,0.6375,0.03777930960661099,-0.075,20
inference_affirm,0.05,1.5,0.0,-0.6921247169780023,-0.6284584149985779,0.7125,0.675,0.06366630197942438,-0.0375,20
inference_affirm,0.05,1.5,0.02,-0.6921247169780023,-0.6285270393121692,0.7125,0.675,0.06359767766583306,-0.0375,20
inference_affirm,0.05,1.5,0.05,-0.6921247169780023,-0.6287708363206033,0.7125,0.6625,0.06335388065739896,-0.05,20
inference_affirm,0.05,1.5,0.1,-0.6921247169780023,-0.6295720518998119,0.7125,0.6625,0.06255266507819032,-0.05,20
inference_affirm,0.05,1.5,0.15,-0.6921247169780023,-0.6308667881949896,0.7125,0.675,0.061257928783012526,-0.0375,20
inference_affirm,0.05,1.5,0.2,-0.6921247169780023,-0.6326108081191506,0.7125,0.6875,0.05951390885885164,-0.025,20
inference_affirm,0.05,1.5,0.3,-0.6921247169780023,-0.6370923503820404,0.7125,0.7,0.05503236659596187,-0.0125,20
inference_affirm,0.05,1.5,0.5,-0.6921247169780023,-0.6473803847718547,0.7125,0.6625,0.04474433220614758,-0.05,20
inference_affirm,0.05,1.5,0.75,-0.6921247169780023,-0.6585595284930837,0.7125,0.625,0.03356518848491851,-0.0875,20
inference_affirm,0.05,1.5,1.0,-0.6921247169780023,-0.6667905510035748,0.7125,0.6125,0.02533416597442755,-0.1,20
inference_categories,0.05,0.5,0.0,-0.692313306009079,-0.641449060345452,0.6550675675675676,0.6733108108108109,0.050864245663627045,0.018243243243243244,148
inference_categories,0.05,0.5,0.02,-0.692313306009079,-0.6415358128979481,0.6550675675675676,0.6716216216216216,0.05077749311113079,0.016554054054054055,148
inference_categories,0.05,0.5,0.05,-0.692313306009079,-0.6416688319098381,0.6550675675675676,0.6699324324324325,0.05064447409924085,0.014864864864864866,148
inference_categories,0.05,0.5,0.1,-0.692313306009079,-0.6418977517806458,0.6550675675675676,0.675,0.05041555422843319,0.019932432432432434,148
inference_categories,0.05,0.5,0.15,-0.692313306009079,-0.642134883551206,0.6550675675675676,0.6716216216216216,0.05017842245787307,0.016554054054054055,148
inference_categories,0.05,0.5,0.2,-0.692313306009079,-0.6423793521900084,0.6550675675675676,0.6733108108108109,0.049933953819070516,0.018243243243243244,148
inference_categories,0.05,0.5,0.3,-0.692313306009079,-0.6428877690911915,0.6550675675675676,0.6733108108108109,0.04942553691788748,0.018243243243243244,148
inference_categories,0.05,0.5,0.5,-0.692313306009079,-0.6439767420346196,0.6550675675675676,0.6763513513513513,0.048336563974459436,0.02128378378378378,148
inference_categories,0.05,0.5,0.75,-0.692313306009079,-0.6454685667781117,0.6550675675675676,0.6790540540540541,0.04684473923096739,0.023986486486486484,148
inference_categories,0.05,0.5,1.0,-0.692313306009079,-0.647084116089845,0.6550675675675676,0.660472972972973,0.045229189919234025,0.005405405405405405,148
inference_categories,0.05,1.0,0.0,-0.692313306009079,-0.641449060345452,0.6550675675675676,0.6733108108108109,0.050864245663627045,0.018243243243243244,148
inference_categories,0.05,1.0,0.02,-0.692313306009079,-0.641612665426816,0.6550675675675676,0.6716216216216216,0.05070064058226294,0.016554054054054055,148
inference_categories,0.05,1.0,0.05,-0.692313306009079,-0.6418665674658655,0.6550675675675676,0.6733108108108109,0.05044673854321355,0.018243243243243244,148
inference_categories,0.05,1.0,0.1,-0.692313306009079,-0.6423094742427505,0.6550675675675676,0.6783783783783784,0.05000383176632847,0.023310810810810812,148
inference_categories,0.05,1.0,0.15,-0.692313306009079,-0.6427718661850929,0.6550675675675676,0.6716216216216216,0.04954143982398608,0.016554054054054055,148
inference_categories,0.05,1.0,0.2,-0.692313306009079,-0.6432478365226825,0.6550675675675676,0.6719594594594595,0.04906546948639646,0.016891891891891893,148
inference_categories,0.05,1.0,0.3,-0.692313306009079,-0.6442207062028018,0.6550675675675676,0.6716216216216216,0.048092599806277225,0.016554054054054055,148
inference_categories,0.05,1.0,0.5,-0.692313306009079,-0.6461540761480639,0.6550675675675676,0.6790540540540541,0.04615922986101514,0.023986486486486484,148
inference_categories,0.05,1.0,0.75,-0.692313306009079,-0.648396057157067,0.6550675675675676,0.6658783783783784,0.04391724885201197,0.010810810810810811,148
inference_categories,0.05,1.0,1.0,-0.692313306009079,-0.6504126490025507,0.6550675675675676,0.672972972972973,0.04190065700652837,0.017905405405405406,148
inference_categories,0.05,1.5,0.0,-0.692313306009079,-0.641449060345452,0.6550675675675676,0.6733108108108109,0.050864245663627045,0.018243243243243244,148
inference_categories,0.05,1.5,0.02,-0.692313306009079,-0.6416954173254724,0.6550675675675676,0.6733108108108109,0.050617888683606636,0.018243243243243244,148
inference_categories,0.05,1.5,0.05,-0.692313306009079,-0.642100293252972,0.6550675675675676,0.6800675675675676,0.050213012756106984,0.025,148
inference_categories,0.05,1.5,0.1,-0.692313306009079,-0.6428577138303163,0.6550675675675676,0.6716216216216216,0.049455592178762706,0.016554054054054055,148
inference_categories,0.05,1.5,0.15,-0.692313306009079,-0.6436963595020938,0.6550675675675676,0.6736486486486487,0.04861694650698514,0.018581081081081082,148
inference_categories,0.05,1.5,0.2,-0.692313306009079,-0.6445904709393881,0.6550675675675676,0.6716216216216216,0.047722835069690925,0.016554054054054055,148
inference_categories,0.05,1.5,0.3,-0.692313306009079,-0.6464588814908665,0.6550675675675676,0.6780405405405405,0.04585442451821253,0.02297297297297297,148
inference_categories,0.05,1.5,0.5,-0.692313306009079,-0.6501427090530856,0.6550675675675676,0.6587837837837838,0.042170596955993456,0.0037162162162162164,148
inference_categories,0.05,1.5,0.75,-0.692313306009079,-0.654271924945321,0.6550675675675676,0.6560810810810811,0.038041381063758054,0.0010135135135135136,148
inference_categories,0.05,1.5,1.0,-0.692313306009079,-0.6578763545984677,0.6550675675675676,0.647972972972973,0.03443695141061127,-0.007094594594594593,148
