qualtrics_id,prolific_pid,condition,domain,duration_s,finished,progress,age,n_training,training_acc,n_responses,mean_choice_rt_ms,mean_feedback_rt_ms,feedback_action_rate,feedback_modify_rate,feedback_affirm_rate,feedback_remove_rate,eval_dv,eval_dv_direction,eval_skipped,eval_left_model,eval_right_model,pred_skipped,pred_dv,pred_signed_diff,pred_model
R_5EfMjMbx1z8Kvhl,673f5e59d43bb4f87e66b8d5,inference_categories,dailydilemmas,398.0,True,100,22,5,1.0,20,10075.2,2387.75,0.0,0.0,0.0,0.0,-3,+ ⇒ partial preferred,False,feedback_adjusted,standard,False,6,-0.5129,feedback_adjusted
R_56aT1YjmRtKACUH,69e7a39c8924f009f3198d6b,inference_categories,dailydilemmas,508.0,True,100,18,5,0.8,20,12435.4,3013.4,0.01,0.01,0.0,0.0,3,+ ⇒ partial preferred,False,standard,feedback_adjusted,False,6,-0.469,feedback_adjusted
R_3HS2lsaEfcZSuXu,69873acb4476661d234c0b08,inference_categories,dailydilemmas,357.0,True,100,56,5,0.8,20,5696.75,4350.95,0.0,0.0,0.0,0.0,-1,+ ⇒ partial preferred,False,standard,feedback_adjusted,False,6,-0.7399,feedback_adjusted
R_6HoVfVJSFl7IrlL,69ebd980cc6b947600cf61e8,inference_categories,dailydilemmas,528.0,True,100,32,5,0.8,20,16280.0,2052.85,0.0,0.0,0.0,0.0,-2,+ ⇒ partial preferred,False,feedback_adjusted,standard,False,6,-0.6519,feedback_adjusted
R_5Q5TZ5csoblHSvA,5e2cdab5cd89c83002bf56de,inference_categories,dailydilemmas,701.0,True,100,31,5,1.0,20,12856.4,12830.85,0.51,0.51,0.0,0.0,-1,+ ⇒ partial preferred,False,standard,feedback_adjusted,False,6,-0.3053,feedback_adjusted
R_18H831wJaDlPwgg,69e0d979c41f97f199ae7a2e,inference_categories,dailydilemmas,687.0,True,100,45,5,1.0,20,13607.1,11674.35,0.27,0.27,0.0,0.0,1,+ ⇒ partial preferred,False,feedback_adjusted,standard,False,6,-1.2592,feedback_adjusted
R_12mMAseFwoOpgqC,69b02dfa85e764e708590f82,inference_categories,dailydilemmas,762.0,True,100,41,5,1.0,20,16635.35,12592.95,0.29,0.29,0.0,0.0,-2,+ ⇒ partial preferred,False,feedback_adjusted,standard,False,4,-0.5492,feedback_adjusted
R_7ojvA7NDI10RoKR,664c9ccdfb4921f641e9ff91,inference_categories,dailydilemmas,742.0,True,100,61,5,0.8,20,14275.75,12451.15,0.13,0.13,0.0,0.0,-1,+ ⇒ partial preferred,False,feedback_adjusted,standard,False,6,-0.7829,feedback_adjusted
R_5gbXjT8uFYXCo7E,5fa2b9a3c1d67f3a311db672,inference_categories,dailydilemmas,756.0,True,100,29,5,1.0,20,21816.8,3786.05,0.0,0.0,0.0,0.0,-2,+ ⇒ partial preferred,False,feedback_adjusted,standard,False,6,-0.8162,feedback_adjusted
R_7f9o7q4AZOoP4ot,69e55228ba70d1286ebfdb81,inference_categories,dailydilemmas,735.0,True,100,40,5,0.8,20,19841.4,4952.0,0.05,0.05,0.0,0.0,-2,+ ⇒ partial preferred,False,standard,feedback_adjusted,False,2,-0.4546,feedback_adjusted
R_1WHYlcDjJDcnUfD,60de9c66c01a9de405e9efb0,inference_categories,dailydilemmas,1209.0,True,100,67,5,0.6,20,22528.7,19369.25,0.89,0.89,0.0,0.0,-2,+ ⇒ partial preferred,False,feedback_adjusted,standard,False,5,0.2096,feedback_adjusted
R_6Q0gBjey6IdfZpf,69cad05abf2672eec988c452,inference_categories,dailydilemmas,1321.0,True,100,52,5,0.8,20,32983.95,16432.95,0.14,0.14,0.0,0.0,-2,+ ⇒ partial preferred,False,standard,feedback_adjusted,False,2,-0.6251,feedback_adjusted
R_1wzohnjOPhN82Wd,5ba292385301b80001c71ba2,inference_categories,dailydilemmas,1292.0,True,100,53,5,1.0,20,34176.9,23789.0,0.02,0.02,0.0,0.0,2,+ ⇒ partial preferred,False,standard,feedback_adjusted,False,6,-0.7925,feedback_adjusted
R_70kbQcqJL4Tkq6B,5c40bb8880392f00015e8910,inference_categories,dailydilemmas,1437.0,True,100,58,5,0.6,20,28129.8,20925.3,0.29,0.29,0.0,0.0,-1,+ ⇒ partial preferred,False,standard,feedback_adjusted,False,6,-0.6965,feedback_adjusted
R_6rftRMhNP0o6boD,69e26e71cfcbdb9d164a5e2f,inference_categories,dailydilemmas,588.0,True,100,42,5,0.8,20,17237.05,2752.95,0.0,0.0,0.0,0.0,-2,+ ⇒ partial preferred,False,standard,feedback_adjusted,False,6,-0.6975,feedback_adjusted
R_6jv2PrGBJcO4of6,5e6af189bdaa1a0b355f63ae,inference_categories,dailydilemmas,1008.0,True,100,47,5,1.0,20,20884.6,15449.65,0.26,0.26,0.0,0.0,2,+ ⇒ partial preferred,False,feedback_adjusted,standard,False,6,-0.828,feedback_adjusted
R_1dHqTtKKq3yQvmX,69ab25a0e0144d334bab3751,inference_categories,dailydilemmas,700.0,True,100,32,5,0.8,20,16820.95,7825.7,0.09,0.09,0.0,0.0,-1,+ ⇒ partial preferred,False,standard,feedback_adjusted,False,6,-1.2134,feedback_adjusted
R_1P81VK8fH860C4V,69edce07676eefa702a66710,inference_categories,dailydilemmas,1105.0,True,100,28,5,0.6,20,11204.5,3710.55,0.13,0.13,0.0,0.0,3,+ ⇒ partial preferred,False,feedback_adjusted,standard,False,4,-1.016,feedback_adjusted
R_7go085j249AymBb,69dc36008c70f0cb522934dc,inference_categories,dailydilemmas,680.0,True,100,38,5,0.8,20,12836.25,4928.6,0.0,0.0,0.0,0.0,-2,+ ⇒ partial preferred,False,feedback_adjusted,standard,False,6,-1.0698,feedback_adjusted
R_6xzSCFMWRhzZIRg,63a1ae117fa485cabe593f2a,inference_categories,dailydilemmas,1602.0,True,100,57,5,0.8,20,30924.05,21731.4,0.03,0.03,0.0,0.0,-1,+ ⇒ partial preferred,False,feedback_adjusted,standard,False,5,-0.529,feedback_adjusted
R_5EychZPB1u00qZH,66f878234e0e0f8629c315c0,inference_categories,dailydilemmas,1995.0,True,100,31,5,0.4,20,29573.1,4705.05,0.03,0.03,0.0,0.0,-2,+ ⇒ partial preferred,False,standard,feedback_adjusted,False,6,-0.6703,feedback_adjusted
R_59glCvaBnt5WTU6,5f37f046d1a0bd2af1cb0ce6,inference_categories,dailydilemmas,1305.0,True,100,66,5,0.8,20,29027.35,15816.65,0.0,0.0,0.0,0.0,2,+ ⇒ partial preferred,False,feedback_adjusted,standard,False,6,-0.6126,feedback_adjusted
R_1nBL27EvLs0Bkk4,697d24ec78d87cc0203076c5,inference_categories,dailydilemmas,1607.0,True,100,83,5,0.4,20,35209.3,12682.55,0.05,0.05,0.0,0.0,-2,+ ⇒ partial preferred,False,feedback_adjusted,standard,False,4,-0.8474,feedback_adjusted
R_6FsUQnzEYAQwtwa,664604e4f408d35be9aabad8,inference_categories,dailydilemmas,1585.0,True,100,36,5,1.0,20,20609.45,6582.55,0.01,0.01,0.0,0.0,1,+ ⇒ partial preferred,False,feedback_adjusted,standard,False,6,-0.5688,feedback_adjusted
R_5pX1jjp1Yu1RSN7,66295f0e9bcde360755403f0,inference_categories,dailydilemmas,1074.0,True,100,41,5,0.8,20,22814.65,20237.6,0.41,0.41,0.0,0.0,1,+ ⇒ partial preferred,False,feedback_adjusted,standard,False,6,-1.0494,feedback_adjusted
R_5DY1mtPtJpWz8WC,61086c714ebfaefbb62531b2,inference_categories,dailydilemmas,1871.0,True,100,26,5,0.8,20,70202.2,8983.6,0.21,0.21,0.0,0.0,1,+ ⇒ partial preferred,False,standard,feedback_adjusted,False,6,-1.3373,feedback_adjusted
R_1PN3SGDWOMibPAh,69b0e1b5db0b538ea771ff1d,inference_categories,dailydilemmas,3117.0,True,100,29,5,0.8,20,104979.8,17082.25,0.2,0.2,0.0,0.0,2,+ ⇒ partial preferred,False,standard,feedback_adjusted,False,6,-0.7066,feedback_adjusted
R_3SrBXsc2uYrsSZz,570d891d42a1db000fc65b4d,inference_categories,dailydilemmas,562.0,True,100,49,5,0.8,20,14097.55,6322.7,0.1,0.1,0.0,0.0,-1,+ ⇒ partial preferred,False,feedback_adjusted,standard,False,5,-0.7125,feedback_adjusted
R_7rNeEq8TvAxjqdL,69dfc80acfee5e3693080e2e,inference_categories,dailydilemmas,1075.0,True,100,36,5,1.0,20,23115.6,11458.9,0.15,0.15,0.0,0.0,-1,+ ⇒ partial preferred,False,feedback_adjusted,standard,False,6,-1.0411,feedback_adjusted
R_7QAkOtO6FETwKSv,6983a3793e0e14ce3517e6a5,inference_categories,dailydilemmas,1860.0,True,100,67,5,1.0,20,26405.8,43338.45,0.34,0.34,0.0,0.0,1,+ ⇒ partial preferred,False,feedback_adjusted,standard,False,6,-0.6371,feedback_adjusted
