user_id,condition,n_trials,rating_partial_vs_standard,test_acc_standard,test_ll_standard,spearman_standard,topn_sign_standard,topn_overlap_standard,combined_standard,test_acc_projected,test_ll_projected,spearman_projected,topn_sign_projected,topn_overlap_projected,combined_projected,test_acc_partial,test_ll_partial,spearman_partial,topn_sign_partial,topn_overlap_partial,combined_partial,test_acc_blend,test_ll_blend,spearman_blend,topn_sign_blend,topn_overlap_blend,combined_blend
0,choice_only,20,0.6293799310242617,0.595,-0.6902030174418331,0.44886833303346246,0.7,0.6,0.42443416651673116,0.66,-0.6696618899772574,0.4606913863104564,0.8,0.6,0.5303456931552283,0.66,-0.6696618899772574,0.4606913863104564,0.8,0.6,0.5303456931552283,0.66,-0.6696618899772574,0.4606913863104564,0.8,0.6,0.5303456931552283
0,inference_affirm,20,0.8300605595063985,0.57,-0.6899192521728374,0.18835346944728398,0.2,0.4,-0.205823265276358,0.585,-0.6665921749733171,0.17571503318566964,0.3,0.5,-0.11214248340716519,0.635,-0.6474219129320593,0.4227760775256135,0.4,0.5,0.11138803876280678,0.635,-0.6474219129320593,0.4227760775256135,0.4,0.5,0.11138803876280678
0,inference_categories,20,0.6143862378587566,0.58,-0.6909694689444436,0.3184070554942181,0.4,0.6,0.059203527747109075,0.645,-0.6617052465642392,0.33512240667893384,0.4,0.6,0.06756120333946694,0.63,-0.6665095815789377,0.5047220674799514,0.4,0.4,0.15236103373997573,0.63,-0.6665095815789377,0.5047220674799514,0.4,0.4,0.15236103373997573
1,choice_only,20,0.5069643256794703,0.735,-0.6832765045589401,0.6639753223573535,0.5,0.5,0.33198766117867673,0.865,-0.6005178494903682,0.6751189641311833,0.5,0.5,0.33755948206559167,0.865,-0.6005178494903682,0.6751189641311833,0.5,0.5,0.33755948206559167,0.865,-0.6005178494903682,0.6751189641311833,0.5,0.5,0.33755948206559167
1,inference_affirm,20,0.45982490464517245,0.795,-0.6779140987710093,0.462461133613933,0.6,0.6,0.3312305668069665,0.84,-0.5663232571680983,0.5023925166368227,0.6,0.6,0.35119625831841134,0.8,-0.5747816913476939,0.5980421085288611,0.5,0.5,0.29902105426443054,0.8,-0.5747816913476939,0.5980421085288611,0.5,0.5,0.29902105426443054
1,inference_categories,20,0.5214615315802378,0.695,-0.6834422864309516,0.49682069574990784,0.4,0.5,0.14841034787495394,0.75,-0.604462893292573,0.5051784270802802,0.4,0.5,0.1525892135401401,0.735,-0.6098571318485293,0.5311802578858829,0.4,0.4,0.16559012894294145,0.735,-0.6098571318485293,0.5311802578858829,0.4,0.4,0.16559012894294145
2,choice_only,20,0.5,0.715,-0.6839847732581353,0.28537221732958484,0.3,0.4,-0.05731389133520759,0.755,-0.6037954127438069,0.28537221732958484,0.3,0.4,-0.05731389133520759,0.755,-0.6037954127438069,0.28537221732958484,0.3,0.4,-0.05731389133520759,0.755,-0.6037954127438069,0.28537221732958484,0.3,0.4,-0.05731389133520759
2,inference_affirm,20,0.6591566681315224,0.68,-0.6856568800255858,0.2935843674685657,0.3,0.6,-0.05320781626571716,0.79,-0.6226210539708876,0.31411474281601787,0.3,0.5,-0.04294262859199108,0.73,-0.6151050941163662,0.5573996906833257,0.3,0.3,0.07869984534166286,0.73,-0.6151050941163662,0.5573996906833257,0.3,0.3,0.07869984534166286
2,inference_categories,20,0.5932086150945892,0.735,-0.6837057826281858,0.23404627896095448,0.3,0.5,-0.08297686051952277,0.735,-0.608333584096155,0.22378109128722837,0.3,0.5,-0.08810945435638583,0.74,-0.6341476474192143,0.38494453776472776,0.3,0.4,-0.007527731117636133,0.74,-0.6341476474192143,0.38494453776472776,0.3,0.4,-0.007527731117636133
3,choice_only,20,0.6326078333679004,0.735,-0.6851384699729786,0.4402873393324757,0.4,0.5,0.12014366966623788,0.805,-0.6186563207060723,0.45765567618977254,0.5,0.6,0.22882783809488627,0.805,-0.6186563207060723,0.45765567618977254,0.5,0.6,0.22882783809488627,0.805,-0.6186563207060723,0.45765567618977254,0.5,0.6,0.22882783809488627
3,inference_affirm,20,0.5173613544709552,0.69,-0.6865880593193278,0.4454978403896647,0.4,0.4,0.12274892019483238,0.665,-0.6435231965740337,0.41770850141798965,0.4,0.4,0.10885425070899485,0.655,-0.644232534984125,0.4732871793613397,0.4,0.4,0.13664358968066986,0.655,-0.644232534984125,0.4732871793613397,0.4,0.4,0.13664358968066986
3,inference_categories,20,0.44362851027165173,0.67,-0.6868292458388824,0.3421562360887483,0.4,0.5,0.07107811804437417,0.715,-0.634579855429376,0.34389306977447803,0.4,0.5,0.07194653488723904,0.665,-0.6301285674153603,0.4515767582897186,0.3,0.3,0.02578837914485929,0.665,-0.6301285674153603,0.4515767582897186,0.3,0.3,0.02578837914485929
4,choice_only,20,0.4801613141425149,0.56,-0.6912274183015208,0.2405182379199126,0.3,0.3,-0.07974088104004372,0.595,-0.6764926318056598,0.2087596677720368,0.3,0.3,-0.09562016611398161,0.595,-0.6764926318056598,0.2087596677720368,0.3,0.3,-0.09562016611398161,0.595,-0.6764926318056598,0.2087596677720368,0.3,0.3,-0.09562016611398161
4,inference_affirm,20,0.5600500373921804,0.65,-0.6883256010218634,0.4945867991029189,0.5,0.4,0.24729339955145946,0.705,-0.6470058201425489,0.5288860548626247,0.6,0.5,0.36444302743131235,0.7,-0.6305567754236328,0.5911328523524613,0.5,0.5,0.29556642617623063,0.7,-0.6305567754236328,0.5911328523524613,0.5,0.5,0.29556642617623063
4,inference_categories,20,0.4424781100226077,0.57,-0.6907936731249432,0.2273913622587906,0.4,0.4,0.013695681129395329,0.58,-0.6710116774687558,0.18462315445965122,0.4,0.4,-0.007688422770174369,0.68,-0.6484086340118332,0.3349470531595966,0.3,0.4,-0.03252647342020171,0.68,-0.6484086340118332,0.3349470531595966,0.3,0.4,-0.03252647342020171
5,choice_only,20,0.6214841795610683,0.76,-0.6790122732455849,0.5599009377870842,0.4,0.3,0.1799504688935421,0.835,-0.568495575505688,0.5582419720454928,0.5,0.4,0.2791209860227464,0.835,-0.568495575505688,0.5582419720454928,0.5,0.4,0.2791209860227464,0.835,-0.568495575505688,0.5582419720454928,0.5,0.4,0.2791209860227464
5,inference_affirm,20,0.8722457328350991,0.795,-0.6793588320421051,0.5151088627641174,0.4,0.3,0.1575544313820587,0.85,-0.57186703282308,0.5358459345340093,0.5,0.4,0.26792296726700465,0.835,-0.5854608742131611,0.6834938855356404,0.7,0.6,0.5417469427678201,0.835,-0.5854608742131611,0.6834938855356404,0.7,0.6,0.5417469427678201
5,inference_categories,20,0.762777938603597,0.75,-0.6795115556449953,0.5532650748207186,0.4,0.2,0.17663253741035934,0.825,-0.5743672233547729,0.5532650748207186,0.4,0.2,0.17663253741035934,0.76,-0.5902045329151431,0.6204531873551687,0.6,0.5,0.41022659367758435,0.76,-0.5902045329151431,0.6204531873551687,0.6,0.5,0.41022659367758435
6,choice_only,20,0.48955435588803736,0.63,-0.6886253441575392,0.6073284766737193,0.4,0.5,0.20366423833685965,0.715,-0.6257693276784854,0.5906130140129746,0.4,0.5,0.19530650700648733,0.715,-0.6257693276784854,0.5906130140129746,0.4,0.5,0.19530650700648733,0.715,-0.6257693276784854,0.5906130140129746,0.4,0.5,0.19530650700648733
6,inference_affirm,20,0.21216054682428484,0.62,-0.6895703259077861,0.564611183207372,0.6,0.6,0.382305591603686,0.72,-0.6409567933433212,0.637044854737265,0.6,0.6,0.4185224273686325,0.58,-0.6750689077874822,0.6398307651807226,0.3,0.3,0.11991538259036127,0.58,-0.6750689077874822,0.6398307651807226,0.3,0.3,0.11991538259036127
6,inference_categories,20,0.33894205416061285,0.585,-0.6892557041509556,0.6203293920765206,0.6,0.6,0.4101646960382603,0.73,-0.6325779197728445,0.6407594019952083,0.6,0.6,0.42037970099760413,0.59,-0.6709269744679152,0.7531244565479912,0.4,0.4,0.2765622282739956,0.59,-0.6709269744679152,0.7531244565479912,0.4,0.4,0.2765622282739956
7,choice_only,20,0.5050959671941201,0.545,-0.6904456086436292,0.4345991308026076,0.6,0.8,0.3172995654013038,0.56,-0.6680380686163006,0.44275296064881037,0.6,0.8,0.32137648032440513,0.56,-0.6680380686163006,0.44275296064881037,0.6,0.8,0.32137648032440513,0.56,-0.6680380686163006,0.44275296064881037,0.6,0.8,0.32137648032440513
7,inference_affirm,20,0.3978611990803995,0.615,-0.6888505621119018,0.46762214167972876,0.6,0.5,0.3338110708398644,0.675,-0.6456096182087756,0.47251443958745043,0.6,0.5,0.3362572197937252,0.645,-0.6483236722597207,0.5018682270337804,0.5,0.5,0.2509341135168902,0.645,-0.6483236722597207,0.5018682270337804,0.5,0.5,0.2509341135168902
7,inference_categories,20,0.7382965423573544,0.605,-0.6881866615647024,0.4080991838024486,0.5,0.4,0.2040495919012243,0.655,-0.6369263661640397,0.40769149231013846,0.5,0.4,0.20384574615506923,0.62,-0.6434442247993977,0.6229526002498915,0.6,0.5,0.41147630012494574,0.62,-0.6434442247993977,0.6229526002498915,0.6,0.5,0.41147630012494574
8,choice_only,20,0.4989950041432884,0.655,-0.6882382584123732,0.5523464666883368,0.7,0.4,0.47617323334416833,0.735,-0.6366883307260024,0.5507384711521262,0.7,0.4,0.47536923557606303,0.735,-0.6366883307260024,0.5507384711521262,0.7,0.4,0.47536923557606303,0.735,-0.6366883307260024,0.5507384711521262,0.7,0.4,0.47536923557606303
8,inference_affirm,20,0.8290456124234026,0.615,-0.6890901343785597,0.5499344733840208,0.5,0.4,0.2749672366920104,0.68,-0.6418813660369108,0.6038023238470754,0.5,0.4,0.3019011619235377,0.645,-0.6325514449869366,0.7814858305983454,0.7,0.7,0.5907429152991727,0.645,-0.6325514449869366,0.7814858305983454,0.7,0.7,0.5907429152991727
8,inference_categories,20,0.5624839728952222,0.58,-0.6899190309844494,0.5145585715873879,0.6,0.6,0.35727928579369395,0.685,-0.6446799456427701,0.5185785604279144,0.6,0.5,0.3592892802139572,0.605,-0.6356161952256318,0.6150582926005497,0.6,0.6,0.4075291463002748,0.605,-0.6356161952256318,0.6150582926005497,0.6,0.6,0.4075291463002748
9,choice_only,20,0.500851423541321,0.61,-0.6879211622443272,0.467942830606442,0.2,0.3,-0.066028584696779,0.625,-0.6488165926420117,0.4693051095892846,0.2,0.3,-0.06534744520535768,0.625,-0.6488165926420117,0.4693051095892846,0.2,0.3,-0.06534744520535768,0.625,-0.6488165926420117,0.4693051095892846,0.2,0.3,-0.06534744520535768
9,inference_affirm,20,0.5706186662528668,0.615,-0.6892005491486857,0.2942522602940072,0.1,0.3,-0.2528738698529964,0.69,-0.6535039588484327,0.278586051991317,0.1,0.3,-0.2607069740043415,0.6,-0.6682206569427659,0.4080025553613664,0.1,0.2,-0.1959987223193168,0.6,-0.6682206569427659,0.4080025553613664,0.1,0.2,-0.1959987223193168
9,inference_categories,20,0.7113341088211166,0.685,-0.6869110025531208,0.24725363538593662,0.1,0.5,-0.27637318230703173,0.68,-0.6386452738215398,0.28131060995700224,0.1,0.5,-0.2593446950214989,0.7,-0.6346199679460162,0.4080025553613664,0.2,0.5,-0.09599872231931678,0.7,-0.6346199679460162,0.4080025553613664,0.2,0.5,-0.09599872231931678
10,choice_only,20,0.4960302621458422,0.73,-0.6829288534024149,0.3904186890178863,0.5,0.5,0.19520934450894314,0.785,-0.5884492783081215,0.38406697498831116,0.5,0.5,0.19203348749415558,0.785,-0.5884492783081215,0.38406697498831116,0.5,0.5,0.19203348749415558,0.785,-0.5884492783081215,0.38406697498831116,0.5,0.5,0.19203348749415558
10,inference_affirm,20,0.3510719060183333,0.76,-0.6836228056738645,0.5089840175699559,0.5,0.5,0.25449200878497796,0.85,-0.5832789616567855,0.5360846640961433,0.5,0.5,0.26804233204807165,0.7,-0.6208762487280058,0.46325167655701477,0.4,0.4,0.1316258382785074,0.7,-0.6208762487280058,0.46325167655701477,0.4,0.4,0.1316258382785074
10,inference_categories,20,0.3433937759558718,0.76,-0.6836228056738645,0.5089840175699559,0.5,0.5,0.25449200878497796,0.85,-0.5832789616567855,0.5360846640961433,0.5,0.5,0.26804233204807165,0.705,-0.6194734831424988,0.44970135329392114,0.4,0.4,0.12485067664696059,0.705,-0.6194734831424988,0.44970135329392114,0.4,0.4,0.12485067664696059
11,choice_only,20,0.49740788925112595,0.785,-0.6817859260715611,0.6287480160631256,0.5,0.4,0.3143740080315628,0.84,-0.5725560450499178,0.6246006017091472,0.5,0.4,0.3123003008545736,0.84,-0.5725560450499178,0.6246006017091472,0.5,0.4,0.3123003008545736,0.84,-0.5725560450499178,0.6246006017091472,0.5,0.4,0.3123003008545736
11,inference_affirm,20,0.5608709344599835,0.73,-0.6815479638101831,0.6428492248666521,0.6,0.5,0.421424612433326,0.845,-0.5655485396727894,0.6577799165409743,0.6,0.5,0.42888995827048715,0.745,-0.5673321779516436,0.7407282036205424,0.6,0.6,0.47036410181027116,0.745,-0.5673321779516436,0.7407282036205424,0.6,0.6,0.47036410181027116
11,inference_categories,20,0.7897631469341475,0.74,-0.6828931492470238,0.5366754174048051,0.4,0.3,0.16833770870240256,0.82,-0.5914486100670533,0.5175973113765044,0.3,0.2,0.05879865568825221,0.765,-0.5897902760418859,0.6660747452489311,0.6,0.6,0.4330373726244655,0.765,-0.5897902760418859,0.6660747452489311,0.6,0.6,0.4330373726244655
12,choice_only,20,0.3744843696539258,0.68,-0.6854558331366811,0.3195773981742624,0.4,0.5,0.05978869908713122,0.695,-0.6250853690900372,0.31436689711707333,0.3,0.4,-0.042816551441463346,0.695,-0.6250853690900372,0.31436689711707333,0.3,0.4,-0.042816551441463346,0.695,-0.6250853690900372,0.31436689711707333,0.3,0.4,-0.042816551441463346
12,inference_affirm,20,0.7741056918323953,0.58,-0.6909367124937796,0.09292060218653825,0.3,0.4,-0.1535396989067309,0.62,-0.6704861504395682,0.1762886191015632,0.3,0.3,-0.1118556904492184,0.69,-0.6351730797302936,0.38557707823199056,0.4,0.4,0.0927885391159953,0.69,-0.6351730797302936,0.38557707823199056,0.4,0.4,0.0927885391159953
12,inference_categories,20,0.5368408283538051,0.61,-0.690524687301673,0.1762886191015632,0.3,0.5,-0.1118556904492184,0.64,-0.6605516633931408,0.16065711592999604,0.3,0.5,-0.11967144203500199,0.655,-0.64514908940882,0.2353409644163726,0.3,0.4,-0.08232951779181372,0.655,-0.64514908940882,0.2353409644163726,0.3,0.4,-0.08232951779181372
13,choice_only,20,0.7439038113177607,0.615,-0.6879843212844347,0.3807326376952172,0.3,0.3,-0.00963368115239141,0.675,-0.6502016076012483,0.40727608956067896,0.5,0.5,0.20363804478033948,0.675,-0.6502016076012483,0.40727608956067896,0.5,0.5,0.20363804478033948,0.675,-0.6502016076012483,0.40727608956067896,0.5,0.5,0.20363804478033948
13,inference_affirm,20,0.7398877058628097,0.725,-0.6858683107736562,0.36994936037487336,0.4,0.4,0.0849746801874367,0.735,-0.6197043594232937,0.3873685006615826,0.4,0.4,0.09368425033079134,0.735,-0.6168286866361892,0.5881033553941372,0.5,0.5,0.2940516776970686,0.735,-0.6168286866361892,0.5881033553941372,0.5,0.5,0.2940516776970686
13,inference_categories,20,0.6720568540267026,0.54,-0.691483835198546,0.2986138334864449,0.5,0.4,0.14930691674322244,0.575,-0.6738850886438358,0.28202417607053126,0.5,0.4,0.14101208803526563,0.645,-0.6532439682352043,0.5856149067817502,0.5,0.5,0.2928074533908751,0.645,-0.6532439682352043,0.5856149067817502,0.5,0.5,0.2928074533908751
14,choice_only,20,0.5166363604341415,0.64,-0.6859824804639433,0.4395608152626054,0.5,0.2,0.2197804076313027,0.75,-0.624783998057018,0.4661888212504848,0.5,0.2,0.2330944106252424,0.75,-0.624783998057018,0.4661888212504848,0.5,0.2,0.2330944106252424,0.75,-0.624783998057018,0.4661888212504848,0.5,0.2,0.2330944106252424
14,inference_affirm,20,0.6948546044521458,0.655,-0.6849131390000202,0.3167540413782066,0.5,0.4,0.1583770206891033,0.67,-0.6261954085235348,0.32788216328358905,0.5,0.4,0.16394108164179452,0.75,-0.607975936121114,0.4459197420656811,0.6,0.4,0.3229598710328405,0.75,-0.607975936121114,0.4459197420656811,0.6,0.4,0.3229598710328405
14,inference_categories,20,0.7843366358000493,0.71,-0.6835951110797126,0.46102219322298577,0.4,0.3,0.1305110966114929,0.79,-0.6028967687538828,0.5103038759468222,0.4,0.3,0.15515193797341115,0.755,-0.6084126798685867,0.5774700403043088,0.6,0.4,0.3887350201521544,0.755,-0.6084126798685867,0.5774700403043088,0.6,0.4,0.3887350201521544
15,choice_only,20,0.6158027796351542,0.62,-0.6885723591027633,0.39726276297319907,0.2,0.3,-0.10136861851340045,0.685,-0.6572757603559191,0.38597105653210034,0.3,0.4,-0.00701447173394984,0.685,-0.6572757603559191,0.38597105653210034,0.3,0.4,-0.00701447173394984,0.685,-0.6572757603559191,0.38597105653210034,0.3,0.4,-0.00701447173394984
15,inference_affirm,20,0.38116596885885234,0.72,-0.6838869183347288,0.41266054448378814,0.4,0.6,0.10633027224189409,0.82,-0.6021033438728267,0.402395356810062,0.4,0.5,0.10119767840503102,0.68,-0.6380553407730852,0.4188196570880238,0.3,0.4,0.0094098285440119,0.68,-0.6380553407730852,0.4188196570880238,0.3,0.4,0.0094098285440119
15,inference_categories,20,0.6097134226186662,0.715,-0.6836976984643619,0.4485887013418293,0.2,0.3,-0.07570564932908533,0.76,-0.6076670850891777,0.4485887013418293,0.3,0.4,0.02429435067091465,0.655,-0.6504600693350259,0.4270318072270046,0.3,0.6,0.0135159036135023,0.655,-0.6504600693350259,0.4270318072270046,0.3,0.6,0.0135159036135023
16,choice_only,20,0.5081963197957464,0.745,-0.6821122435177537,0.38709966913723115,0.4,0.4,0.0935498345686156,0.765,-0.60175500594371,0.4002149556685747,0.4,0.4,0.10010747783428736,0.765,-0.60175500594371,0.4002149556685747,0.4,0.4,0.10010747783428736,0.765,-0.60175500594371,0.4002149556685747,0.4,0.4,0.10010747783428736
16,inference_affirm,20,0.8646790327295735,0.72,-0.6837359251500768,0.3533178704958917,0.4,0.4,0.07665893524794587,0.725,-0.6120321916898004,0.399022656892998,0.4,0.4,0.09951132844649901,0.82,-0.5942715944347294,0.49520142478951745,0.7,0.6,0.4476007123947587,0.82,-0.5942715944347294,0.49520142478951745,0.7,0.6,0.4476007123947587
16,inference_categories,20,0.7965135476709936,0.735,-0.6824935772319285,0.39147143131434564,0.4,0.3,0.09573571565717284,0.75,-0.6180909522838433,0.4045867178456892,0.4,0.3,0.10229335892284463,0.815,-0.5735912552105639,0.5373293148598938,0.6,0.5,0.36866465742994686,0.815,-0.5735912552105639,0.5373293148598938,0.6,0.5,0.36866465742994686
17,choice_only,20,0.5118344982512599,0.685,-0.6854795943263312,0.3219584840958533,0.3,0.4,-0.039020757952073354,0.71,-0.6403736790271398,0.34089721845443294,0.3,0.4,-0.029551390772783542,0.71,-0.6403736790271398,0.34089721845443294,0.3,0.4,-0.029551390772783542,0.71,-0.6403736790271398,0.34089721845443294,0.3,0.4,-0.029551390772783542
17,inference_affirm,20,0.5450993910100472,0.715,-0.6840005366880024,0.2180382494103139,0.2,0.3,-0.19098087529484303,0.765,-0.6102352312813936,0.23454894090240896,0.2,0.3,-0.1827255295487955,0.67,-0.6429009338676756,0.2903939268315539,0.2,0.5,-0.15480303658422304,0.67,-0.6429009338676756,0.2903939268315539,0.2,0.5,-0.15480303658422304
17,inference_categories,20,0.4434870083130647,0.65,-0.6879398849648055,0.24134746092856574,0.2,0.4,-0.17932626953571712,0.68,-0.6450400910271459,0.29427879541792923,0.2,0.4,-0.15286060229103537,0.535,-0.6889031261230746,0.15053865772204303,0.2,0.5,-0.2247306711389785,0.535,-0.6889031261230746,0.15053865772204303,0.2,0.5,-0.2247306711389785
18,choice_only,20,0.5243467893045045,0.74,-0.6836005465956718,0.47944109931990314,0.5,0.4,0.23972054965995157,0.795,-0.6006221613993037,0.5184267942473001,0.5,0.4,0.25921339712365005,0.795,-0.6006221613993037,0.5184267942473001,0.5,0.4,0.25921339712365005,0.795,-0.6006221613993037,0.5184267942473001,0.5,0.4,0.25921339712365005
18,inference_affirm,20,0.4477709701013251,0.72,-0.6839882056615323,0.37575574047044313,0.6,0.6,0.28787787023522154,0.78,-0.6091303278651182,0.36994936037487336,0.6,0.6,0.28497468018743666,0.745,-0.6121496515951158,0.49188334238183834,0.5,0.5,0.24594167119091917,0.745,-0.6121496515951158,0.49188334238183834,0.5,0.5,0.24594167119091917
18,inference_categories,20,0.6421677873826699,0.745,-0.6845138362460171,0.3218393538687239,0.6,0.5,0.2609196769343619,0.765,-0.6132302921252564,0.3284752168350894,0.6,0.5,0.2642376084175447,0.715,-0.6136055957326626,0.5557535234331057,0.6,0.5,0.3778767617165528,0.715,-0.6136055957326626,0.5557535234331057,0.6,0.5,0.3778767617165528
19,choice_only,20,0.4994405354881405,0.735,-0.68162623570362,0.5079939887717226,0.5,0.6,0.2539969943858613,0.82,-0.5857417824683941,0.5070988451791734,0.5,0.6,0.2535494225895867,0.82,-0.5857417824683941,0.5070988451791734,0.5,0.6,0.2535494225895867,0.82,-0.5857417824683941,0.5070988451791734,0.5,0.6,0.2535494225895867
19,inference_affirm,20,0.6493922087286887,0.77,-0.6820708944613039,0.5867666249160604,0.5,0.6,0.2933833124580302,0.865,-0.5826140142494707,0.6037743531744968,0.5,0.6,0.3018871765872484,0.725,-0.6156868712322389,0.6333140917286234,0.6,0.7,0.4166570458643117,0.725,-0.6156868712322389,0.6333140917286234,0.6,0.7,0.4166570458643117
19,inference_categories,20,0.5620586671922051,0.725,-0.6838043721848578,0.6180966506552854,0.6,0.6,0.4090483253276427,0.85,-0.5990153470186168,0.6230199404143065,0.6,0.6,0.41150997020715324,0.7,-0.615629475598341,0.7179051612245314,0.6,0.6,0.4589525806122657,0.7,-0.615629475598341,0.7179051612245314,0.6,0.6,0.4589525806122657
20,choice_only,20,0.5117189838007001,0.68,-0.686700060798404,0.45335293944887395,0.5,0.4,0.22667646972443697,0.695,-0.6363646914504855,0.47210674809514036,0.5,0.4,0.23605337404757018,0.695,-0.6363646914504855,0.47210674809514036,0.5,0.4,0.23605337404757018,0.695,-0.6363646914504855,0.47210674809514036,0.5,0.4,0.23605337404757018
20,inference_affirm,20,0.637897402129097,0.715,-0.686191585134243,0.6262141321883727,0.6,0.4,0.41310706609418635,0.765,-0.622614245548203,0.6514910047116012,0.6,0.4,0.42574550235580055,0.77,-0.5970708246238878,0.6527140791885316,0.7,0.6,0.5263570395942658,0.77,-0.5970708246238878,0.6527140791885316,0.7,0.6,0.5263570395942658
20,inference_categories,20,0.5239335706323301,0.7,-0.6859591475485834,0.5132835888184643,0.5,0.5,0.2566417944092321,0.735,-0.6250011084414814,0.5430450677571044,0.4,0.4,0.1715225338785522,0.715,-0.6087338772090366,0.5516065890956173,0.5,0.4,0.27580329454780866,0.715,-0.6087338772090366,0.5516065890956173,0.5,0.4,0.27580329454780866
21,choice_only,20,0.4677139705341892,0.645,-0.6890870069949319,0.587186260416201,0.2,0.4,-0.006406869791899472,0.675,-0.6451797228697306,0.535456636724427,0.2,0.3,-0.03227168163778649,0.675,-0.6451797228697306,0.535456636724427,0.2,0.3,-0.03227168163778649,0.675,-0.6451797228697306,0.535456636724427,0.2,0.3,-0.03227168163778649
21,inference_affirm,20,0.581470606353488,0.675,-0.6868410231231286,0.5200478126460263,0.3,0.4,0.06002390632301313,0.735,-0.6291085604513535,0.5084911945872257,0.3,0.4,0.054245597293612835,0.69,-0.6279294666585227,0.65157313245809,0.3,0.4,0.125786566229045,0.69,-0.6279294666585227,0.65157313245809,0.3,0.4,0.125786566229045
21,inference_categories,20,0.6056935613136114,0.625,-0.6881095074462847,0.3241356207920735,0.2,0.5,-0.13793218960396325,0.675,-0.639222763409356,0.3714627233185902,0.2,0.4,-0.11426863834070489,0.635,-0.6567100199603331,0.49583394623711075,0.2,0.6,-0.052083026881444616,0.635,-0.6567100199603331,0.49583394623711075,0.2,0.6,-0.052083026881444616
22,choice_only,20,0.49346585604900306,0.735,-0.6808858363244406,0.6919810378797422,0.9,0.6,0.7459905189398711,0.845,-0.5728393204985879,0.6815258123493824,0.9,0.6,0.7407629061746912,0.845,-0.5728393204985879,0.6815258123493824,0.9,0.6,0.7407629061746912,0.845,-0.5728393204985879,0.6815258123493824,0.9,0.6,0.7407629061746912
22,inference_affirm,20,0.5398484629160065,0.735,-0.6808858363244406,0.6919810378797422,0.9,0.6,0.7459905189398711,0.845,-0.5728393204985879,0.6815258123493824,0.9,0.6,0.7407629061746912,0.815,-0.5692160435489387,0.7558740827874968,0.9,0.6,0.7779370413937484,0.815,-0.5692160435489387,0.7558740827874968,0.9,0.6,0.7779370413937484
22,inference_categories,20,0.4152743102052743,0.765,-0.6817697961886209,0.6803641206237868,1.0,0.8,0.8401820603118935,0.835,-0.5760981103144586,0.7005001105341095,0.9,0.7,0.7502500552670548,0.79,-0.5896057905238733,0.7434827043811445,0.9,0.7,0.7717413521905723,0.79,-0.5896057905238733,0.7434827043811445,0.9,0.7,0.7717413521905723
23,choice_only,20,0.5014903690555705,0.67,-0.6859688790358436,0.3771638460074254,0.6,0.4,0.28858192300371266,0.75,-0.6219934909176988,0.3795484435585788,0.6,0.4,0.28977422177928935,0.75,-0.6219934909176988,0.3795484435585788,0.6,0.4,0.28977422177928935,0.75,-0.6219934909176988,0.3795484435585788,0.6,0.4,0.28977422177928935
23,inference_affirm,20,0.5468092882546651,0.7,-0.6827729841442602,0.437176217711452,0.6,0.4,0.31858810885572597,0.765,-0.6066646337292531,0.43797108356183645,0.6,0.4,0.3189855417809182,0.74,-0.6170291310223327,0.5122910405727833,0.6,0.5,0.3561455202863916,0.74,-0.6170291310223327,0.5122910405727833,0.6,0.5,0.3561455202863916
23,inference_categories,20,0.5076996542103243,0.7,-0.6857055939841904,0.5226242966277813,0.6,0.3,0.36131214831389064,0.785,-0.6237899589014426,0.4991757540414397,0.7,0.4,0.4495878770207198,0.71,-0.6390042710517322,0.5349447173087404,0.6,0.4,0.36747235865437017,0.71,-0.6390042710517322,0.5349447173087404,0.6,0.4,0.36747235865437017
24,choice_only,20,0.48426514211392196,0.65,-0.6875962721806235,0.5045501857044741,0.5,0.6,0.25227509285223704,0.65,-0.6493136632758996,0.4793660972613936,0.5,0.6,0.2396830486306968,0.65,-0.6493136632758996,0.4793660972613936,0.5,0.6,0.2396830486306968,0.65,-0.6493136632758996,0.4793660972613936,0.5,0.6,0.2396830486306968
24,inference_affirm,20,0.5819196438672655,0.625,-0.6869627747252927,0.4776292635756639,0.5,0.6,0.23881463178783194,0.655,-0.6426767135390911,0.4541820088183131,0.5,0.6,0.22709100440915655,0.7,-0.6473409468008974,0.4098927498322061,0.6,0.8,0.304946374916103,0.7,-0.6473409468008974,0.4098927498322061,0.6,0.8,0.304946374916103
24,inference_categories,20,0.5829756486581593,0.6,-0.6886371601143101,0.3986033308749632,0.4,0.6,0.09930166543748162,0.595,-0.6585472629720069,0.4020769982464225,0.4,0.6,0.10103849912321128,0.62,-0.6573561623273974,0.33260365081723503,0.5,0.6,0.16630182540861752,0.62,-0.6573561623273974,0.33260365081723503,0.5,0.6,0.16630182540861752
25,choice_only,20,0.5103360575464906,0.67,-0.6885785353699599,0.24652548325838777,0.4,0.5,0.02326274162919391,0.705,-0.6383708936664055,0.2630655316559154,0.4,0.5,0.03153276582795772,0.705,-0.6383708936664055,0.2630655316559154,0.4,0.5,0.03153276582795772,0.705,-0.6383708936664055,0.2630655316559154,0.4,0.5,0.03153276582795772
25,inference_affirm,20,0.7492571094030093,0.655,-0.6869072746038273,0.2969332498032338,0.4,0.2,0.048466624901616934,0.735,-0.6232852944698137,0.38908494801803056,0.5,0.3,0.19454247400901528,0.625,-0.643513790387751,0.5347948981867262,0.5,0.4,0.2673974490933631,0.625,-0.643513790387751,0.5347948981867262,0.5,0.4,0.2673974490933631
25,inference_categories,20,0.40330763066613384,0.67,-0.6879346211496318,0.4757232967669847,0.5,0.4,0.23786164838349236,0.695,-0.64265978132164,0.5269186846640941,0.5,0.4,0.26345934233204704,0.585,-0.663694522721845,0.5190424711414618,0.4,0.3,0.15952123557073095,0.585,-0.663694522721845,0.5190424711414618,0.4,0.3,0.15952123557073095
26,choice_only,20,0.4893588024924992,0.745,-0.6796553873459381,0.49518841026329447,0.2,0.6,-0.052405794868352756,0.835,-0.5696245602976865,0.47815992297776166,0.2,0.6,-0.06092003851111916,0.835,-0.5696245602976865,0.47815992297776166,0.2,0.6,-0.06092003851111916,0.835,-0.5696245602976865,0.47815992297776166,0.2,0.6,-0.06092003851111916
26,inference_affirm,20,0.5635118927705343,0.72,-0.6826992656186474,0.44410294840669595,0.2,0.5,-0.07794852579665201,0.82,-0.5861396150573801,0.4270744611211632,0.2,0.5,-0.08646276943941839,0.77,-0.5995139404825507,0.546273872119893,0.2,0.5,-0.0268630639400535,0.77,-0.5995139404825507,0.546273872119893,0.2,0.5,-0.0268630639400535
26,inference_categories,20,0.5114922045636946,0.775,-0.6820558619715034,0.5306076638172027,0.3,0.5,0.06530383190860134,0.8,-0.596815147933207,0.5489984300855782,0.3,0.5,0.07449921504278911,0.755,-0.6161106414887889,0.5489984300855782,0.3,0.6,0.07449921504278911,0.755,-0.6161106414887889,0.5489984300855782,0.3,0.6,0.07449921504278911
27,choice_only,20,0.517132585038008,0.59,-0.6903085946174963,0.15181937742343152,0.5,0.4,0.07590968871171576,0.56,-0.6850873173164621,0.17924224926169532,0.5,0.4,0.08962112463084766,0.56,-0.6850873173164621,0.17924224926169532,0.5,0.4,0.08962112463084766,0.56,-0.6850873173164621,0.17924224926169532,0.5,0.4,0.08962112463084766
27,inference_affirm,20,0.5368867784092467,0.54,-0.6912853797258005,0.16334493225400615,0.6,0.6,0.18167246612700305,0.66,-0.6510647466599332,0.19990876137169125,0.6,0.6,0.1999543806858456,0.635,-0.6519549934091989,0.42247119947933953,0.5,0.4,0.21123559973966977,0.635,-0.6519549934091989,0.42247119947933953,0.5,0.4,0.21123559973966977
27,inference_categories,20,0.6296167347385843,0.605,-0.6893433503449394,0.2535622062726422,0.6,0.5,0.22678110313632108,0.65,-0.6502245307015678,0.28972860246513504,0.6,0.5,0.2448643012325675,0.56,-0.6647712367016075,0.4657913883252925,0.6,0.4,0.3328956941626462,0.56,-0.6647712367016075,0.4657913883252925,0.6,0.4,0.3328956941626462
28,choice_only,20,0.3501451621996522,0.58,-0.6893930679433125,0.06314730338503502,0.3,0.6,-0.1684263483074825,0.545,-0.6695274525946059,0.015786825846258755,0.2,0.5,-0.2921065870768706,0.545,-0.6695274525946059,0.015786825846258755,0.2,0.5,-0.2921065870768706,0.545,-0.6695274525946059,0.015786825846258755,0.2,0.5,-0.2921065870768706
28,inference_affirm,20,0.7810210111103223,0.685,-0.6868426129394339,0.35659653676255076,0.2,0.3,-0.1217017316187246,0.705,-0.6288933030158976,0.3825983675681533,0.4,0.5,0.09129918378407667,0.725,-0.6198046185647899,0.46524704405739037,0.4,0.5,0.1326235220286952,0.725,-0.6198046185647899,0.46524704405739037,0.4,0.5,0.1326235220286952
28,inference_categories,20,0.7408166269793337,0.63,-0.6882330262346972,0.2665187657574272,0.2,0.3,-0.16674061712128638,0.655,-0.6372132342037423,0.301806964707888,0.4,0.5,0.05090348235394401,0.725,-0.6168182669185414,0.486605690790564,0.3,0.4,0.04330284539528198,0.725,-0.6168182669185414,0.486605690790564,0.3,0.4,0.04330284539528198
29,choice_only,20,0.5246025473397582,0.66,-0.6864179793488796,0.3626029934154874,0.4,0.4,0.08130149670774373,0.72,-0.6250778109897146,0.4019988840526468,0.4,0.4,0.10099944202632341,0.72,-0.6250778109897146,0.4019988840526468,0.4,0.4,0.10099944202632341,0.72,-0.6250778109897146,0.4019988840526468,0.4,0.4,0.10099944202632341
29,inference_affirm,20,0.6337271301589621,0.675,-0.6865755632496644,0.4470227590665432,0.4,0.4,0.12351137953327163,0.72,-0.6284402709323635,0.43335479700875323,0.4,0.4,0.11667739850437664,0.745,-0.6055981184424009,0.46631870550107024,0.5,0.3,0.23315935275053512,0.745,-0.6055981184424009,0.46631870550107024,0.5,0.3,0.23315935275053512
29,inference_categories,20,0.8142536753963291,0.655,-0.6884231216485381,0.5145585715873879,0.5,0.5,0.25727928579369397,0.65,-0.6447581838788474,0.5089305872106509,0.4,0.4,0.15446529360532546,0.75,-0.6096989053263393,0.5057145961382297,0.8,0.5,0.5528572980691149,0.75,-0.6096989053263393,0.5057145961382297,0.8,0.5,0.5528572980691149
30,choice_only,20,0.49006548449063186,0.585,-0.6886335219854826,0.33702312056301026,0.5,0.3,0.16851156028150513,0.68,-0.6411346334871257,0.3211258035553211,0.5,0.3,0.16056290177766055,0.68,-0.6411346334871257,0.3211258035553211,0.5,0.3,0.16056290177766055,0.68,-0.6411346334871257,0.3211258035553211,0.5,0.3,0.16056290177766055
30,inference_affirm,20,0.4877740300228678,0.67,-0.6850827300471753,0.18758834069073213,0.5,0.4,0.09379417034536607,0.69,-0.6253133358593115,0.21938297470611046,0.5,0.4,0.10969148735305523,0.6,-0.651835262099701,0.36802288872800415,0.4,0.3,0.0840114443640021,0.6,-0.651835262099701,0.36802288872800415,0.4,0.3,0.0840114443640021
30,inference_categories,20,0.4605303705814042,0.675,-0.6869530092841433,0.28336967566205934,0.6,0.4,0.24168483783102965,0.735,-0.6353314578022743,0.2770107488589837,0.6,0.4,0.23850537442949182,0.605,-0.657854575985655,0.42008660192818614,0.5,0.5,0.21004330096409307,0.605,-0.657854575985655,0.42008660192818614,0.5,0.5,0.21004330096409307
31,choice_only,20,0.6534573887207181,0.62,-0.6866224945616238,0.40550004742482887,0.4,0.4,0.10275002371241446,0.755,-0.6282440383812145,0.4592086629777863,0.5,0.5,0.22960433148889314,0.755,-0.6282440383812145,0.4592086629777863,0.5,0.5,0.22960433148889314,0.755,-0.6282440383812145,0.4592086629777863,0.5,0.5,0.22960433148889314
31,inference_affirm,20,0.7350000112201588,0.595,-0.6876374806458734,0.1790287185098582,0.3,0.4,-0.11048564074507092,0.64,-0.652479535743326,0.17858114671358358,0.3,0.4,-0.11070942664320822,0.695,-0.6096488267777441,0.18708501084280182,0.5,0.6,0.09354250542140091,0.695,-0.6096488267777441,0.18708501084280182,0.5,0.6,0.09354250542140091
31,inference_categories,20,0.6689954566214767,0.65,-0.6883158476053994,0.2233383263410481,0.3,0.4,-0.08833083682947596,0.71,-0.6345936009390382,0.19558887497202007,0.3,0.5,-0.10220556251398998,0.71,-0.6093088009789773,0.3047963932630336,0.4,0.5,0.05239819663151682,0.71,-0.6093088009789773,0.3047963932630336,0.4,0.5,0.05239819663151682
32,choice_only,20,0.49592317542564546,0.67,-0.6882153864575199,0.3807838538176693,0.5,0.5,0.19039192690883466,0.76,-0.6338691013987787,0.3742607899407071,0.5,0.5,0.18713039497035355,0.76,-0.6338691013987787,0.3742607899407071,0.5,0.5,0.18713039497035355,0.76,-0.6338691013987787,0.3742607899407071,0.5,0.5,0.18713039497035355
32,inference_affirm,20,0.33050891772369584,0.59,-0.6891904346241714,0.45335293944887395,0.5,0.6,0.22667646972443697,0.75,-0.6381854840441429,0.4374529712487785,0.5,0.5,0.21872648562438926,0.75,-0.6216136046219785,0.37099925800222594,0.4,0.4,0.08549962900111299,0.75,-0.6216136046219785,0.37099925800222594,0.4,0.4,0.08549962900111299
32,inference_categories,20,0.21680815138209558,0.575,-0.6901704866160523,0.4288914499102656,0.6,0.6,0.3144457249551328,0.705,-0.6501196502715758,0.4553913969104247,0.5,0.5,0.22769569845521234,0.74,-0.6221039168874753,0.315145523555737,0.4,0.4,0.05757276177786852,0.74,-0.6221039168874753,0.315145523555737,0.4,0.4,0.05757276177786852
33,choice_only,20,0.4600379556466826,0.62,-0.6901935732423863,0.38724155164058244,0.3,0.4,-0.006379224179708792,0.62,-0.6658797993017508,0.3231656114410616,0.3,0.4,-0.03841719427946921,0.62,-0.6658797993017508,0.3231656114410616,0.3,0.4,-0.03841719427946921,0.62,-0.6658797993017508,0.3231656114410616,0.3,0.4,-0.03841719427946921
33,inference_affirm,20,0.5399620443533175,0.61,-0.6887213788818636,0.34359562135974936,0.4,0.4,0.0717978106798747,0.665,-0.6374594945024679,0.35566789994806486,0.4,0.5,0.07783394997403245,0.645,-0.6485535747621805,0.4076715615592702,0.4,0.6,0.10383578077963512,0.645,-0.6485535747621805,0.4076715615592702,0.4,0.6,0.10383578077963512
33,inference_categories,20,0.7654056421540326,0.625,-0.6871647954377523,0.10493596003689644,0.3,0.5,-0.1475320199815518,0.67,-0.637303955620199,0.1114364177382971,0.3,0.5,-0.14428179113085146,0.625,-0.6474023813959682,0.3779551834957243,0.4,0.5,0.08897759174786218,0.625,-0.6474023813959682,0.3779551834957243,0.4,0.5,0.08897759174786218
34,choice_only,20,0.6442801300676063,0.74,-0.6855565353533268,0.49814740925368045,0.4,0.4,0.14907370462684025,0.785,-0.6211629944726867,0.5357434401407507,0.5,0.5,0.26787172007037535,0.785,-0.6211629944726867,0.5357434401407507,0.5,0.5,0.26787172007037535,0.785,-0.6211629944726867,0.5357434401407507,0.5,0.5,0.26787172007037535
34,inference_affirm,20,0.6009360183704924,0.58,-0.6890674244631989,0.2971876727263646,0.3,0.3,-0.051406163636817714,0.62,-0.6670002202773507,0.3222516933177448,0.3,0.3,-0.03887415334112762,0.575,-0.6632834080073335,0.2609343572281183,0.4,0.4,0.030467178614059176,0.575,-0.6632834080073335,0.2609343572281183,0.4,0.4,0.030467178614059176
34,inference_categories,20,0.24313796396518436,0.665,-0.6867791963228161,0.5147075657158423,0.3,0.3,0.05735378285792114,0.735,-0.6356687194368886,0.5008328400313283,0.3,0.3,0.050416420015664154,0.62,-0.6518173590115225,0.2604867854318437,0.2,0.3,-0.16975660728407813,0.62,-0.6518173590115225,0.2604867854318437,0.2,0.3,-0.16975660728407813
35,choice_only,20,0.5147636075270287,0.735,-0.6842281312370065,0.47808616082377436,0.7,0.6,0.4390430804118871,0.77,-0.6027285665166964,0.5017148013916709,0.7,0.6,0.4508574006958354,0.77,-0.6027285665166964,0.5017148013916709,0.7,0.6,0.4508574006958354,0.77,-0.6027285665166964,0.5017148013916709,0.7,0.6,0.4508574006958354
35,inference_affirm,20,0.4426930100304484,0.67,-0.6855207043851576,0.36939441421145003,0.7,0.3,0.38469720710572497,0.725,-0.6151648823857965,0.3630934433933443,0.6,0.3,0.28154672169667216,0.755,-0.6180616162729096,0.4772985394715112,0.6,0.4,0.3386492697357556,0.755,-0.6180616162729096,0.4772985394715112,0.6,0.4,0.3386492697357556
35,inference_categories,20,0.5407671576878333,0.735,-0.6854089200217292,0.4938385878690388,0.7,0.5,0.44691929393451935,0.82,-0.6108498131905925,0.5127415003233561,0.7,0.5,0.456370750161678,0.765,-0.6078144490720782,0.5592111601068861,0.7,0.5,0.479605580053443,0.765,-0.6078144490720782,0.5592111601068861,0.7,0.5,0.479605580053443
36,choice_only,20,0.6313912405681542,0.725,-0.6840145436039464,0.40843086619748914,0.5,0.3,0.20421543309874457,0.73,-0.6088765594934696,0.4237068237914897,0.6,0.4,0.31185341189574484,0.73,-0.6088765594934696,0.4237068237914897,0.6,0.4,0.31185341189574484,0.73,-0.6088765594934696,0.4237068237914897,0.6,0.4,0.31185341189574484
36,inference_affirm,20,0.6374514732354889,0.695,-0.6839140739823043,0.48561465193559733,0.5,0.3,0.24280732596779867,0.74,-0.6040414876472174,0.5330505202538097,0.6,0.4,0.36652526012690484,0.77,-0.595775470474709,0.5113425805149667,0.6,0.4,0.35567129025748334,0.77,-0.595775470474709,0.5113425805149667,0.6,0.4,0.35567129025748334
36,inference_categories,20,0.5436063141814991,0.72,-0.6840257679889449,0.4486307546027538,0.6,0.4,0.3243153773013769,0.74,-0.6008804041910916,0.4647107099648597,0.6,0.4,0.33235535498242985,0.715,-0.6121568118966819,0.5185785604279144,0.6,0.3,0.3592892802139572,0.715,-0.6121568118966819,0.5185785604279144,0.6,0.3,0.3592892802139572
37,choice_only,20,0.5306140724073977,0.725,-0.6846469759884729,0.42692281486391087,0.5,0.3,0.21346140743195544,0.73,-0.6123185658177113,0.47596667871833376,0.5,0.3,0.23798333935916688,0.73,-0.6123185658177113,0.47596667871833376,0.5,0.3,0.23798333935916688,0.73,-0.6123185658177113,0.47596667871833376,0.5,0.3,0.23798333935916688
37,inference_affirm,20,0.8244392732885287,0.73,-0.6830967758297964,0.4566707322838067,0.4,0.3,0.12833536614190338,0.755,-0.6019631252214903,0.5081265894425455,0.4,0.3,0.15406329472127278,0.755,-0.6056296468166793,0.6753581252084466,0.6,0.5,0.4376790626042233,0.755,-0.6056296468166793,0.6753581252084466,0.6,0.5,0.4376790626042233
37,inference_categories,20,0.9110163100597402,0.7,-0.6848514296355107,0.3626029934154874,0.3,0.2,-0.018698503292256308,0.76,-0.6200291260583192,0.3682309777922244,0.4,0.3,0.08411548889611223,0.72,-0.6181306014748212,0.693046076106763,0.6,0.5,0.4465230380533815,0.72,-0.6181306014748212,0.693046076106763,0.6,0.5,0.4465230380533815
38,choice_only,20,0.5075369081528823,0.675,-0.6832424765018584,0.4558667345157015,0.4,0.2,0.12793336725785076,0.71,-0.6228636832996767,0.4679267010372809,0.4,0.1,0.13396335051864047,0.71,-0.6228636832996767,0.4679267010372809,0.4,0.1,0.13396335051864047,0.71,-0.6228636832996767,0.4679267010372809,0.4,0.1,0.13396335051864047
38,inference_affirm,20,0.5396141883363312,0.7,-0.6843111131575051,0.5201865559641249,0.7,0.4,0.4600932779820624,0.765,-0.6264797663647963,0.5459144845434943,0.6,0.4,0.37295724227174715,0.695,-0.6238938250709704,0.5837023796444432,0.7,0.4,0.49185118982222154,0.695,-0.6238938250709704,0.5837023796444432,0.7,0.4,0.49185118982222154
38,inference_categories,20,0.5225970335047929,0.68,-0.6866925026839173,0.49445862738475554,0.6,0.3,0.34722931369237775,0.715,-0.6370569934825003,0.4976746184571767,0.6,0.3,0.34883730922858835,0.66,-0.643923830398228,0.5306385269494938,0.6,0.4,0.36531926347474686,0.66,-0.643923830398228,0.5306385269494938,0.6,0.4,0.36531926347474686
39,choice_only,20,0.50673554524916,0.73,-0.6854533010014898,0.4719016024945085,0.7,0.4,0.4359508012472542,0.795,-0.611989290278404,0.48267912685816783,0.7,0.4,0.44133956342908387,0.795,-0.611989290278404,0.48267912685816783,0.7,0.4,0.44133956342908387,0.795,-0.611989290278404,0.48267912685816783,0.7,0.4,0.44133956342908387
39,inference_affirm,20,0.5513007631432552,0.735,-0.6855158824219488,0.4064666331437202,0.7,0.6,0.40323331657186007,0.77,-0.6256792885966768,0.4164743343385467,0.7,0.6,0.4082371671692733,0.755,-0.6050146889240322,0.4888377122088302,0.7,0.7,0.44441885610441506,0.755,-0.6050146889240322,0.4888377122088302,0.7,0.7,0.44441885610441506
39,inference_categories,20,0.7145587659818216,0.715,-0.6860532110723674,0.301770682182459,0.7,0.3,0.3508853410912295,0.81,-0.6117444114314821,0.3271748467539415,0.7,0.3,0.3635874233769707,0.705,-0.615496692457326,0.46882230981917733,0.8,0.5,0.5344111549095887,0.705,-0.615496692457326,0.46882230981917733,0.8,0.5,0.5344111549095887
40,choice_only,20,0.505314714906563,0.78,-0.6798146843229003,0.5572268863619336,0.5,0.6,0.2786134431809668,0.825,-0.5730480856947573,0.5657307504911518,0.5,0.5,0.2828653752455759,0.825,-0.5730480856947573,0.5657307504911518,0.5,0.5,0.2828653752455759,0.825,-0.5730480856947573,0.5657307504911518,0.5,0.5,0.2828653752455759
40,inference_affirm,20,0.43326480222154695,0.795,-0.6800158567574875,0.5335055811593774,0.5,0.6,0.2667527905796887,0.82,-0.5794745310019231,0.5505133094178141,0.5,0.6,0.27525665470890703,0.76,-0.6038049763146291,0.4260883500534625,0.5,0.6,0.21304417502673126,0.76,-0.6038049763146291,0.4260883500534625,0.5,0.6,0.21304417502673126
40,inference_categories,20,0.4712194150795504,0.74,-0.6835991622443623,0.5048609861978002,0.4,0.5,0.1524304930989001,0.85,-0.589310060928344,0.5133648503270184,0.4,0.5,0.15668242516350922,0.735,-0.6092504362859357,0.4587610911815116,0.4,0.4,0.12938054559075582,0.735,-0.6092504362859357,0.4587610911815116,0.4,0.4,0.12938054559075582
41,choice_only,20,0.49740788925112595,0.66,-0.6853790412604158,0.05889328382649329,0.3,0.4,-0.17055335808675337,0.7,-0.6278206590072972,0.0547458694725149,0.3,0.3,-0.17262706526374255,0.7,-0.6278206590072972,0.0547458694725149,0.3,0.3,-0.17262706526374255,0.7,-0.6278206590072972,0.0547458694725149,0.3,0.3,-0.17262706526374255
41,inference_affirm,20,0.631135255270552,0.68,-0.6841104049651072,0.32266883673951957,0.5,0.3,0.16133441836975979,0.735,-0.6238328614187373,0.3674609117624863,0.5,0.4,0.18373045588124315,0.71,-0.6030905693333315,0.5375049002756007,0.5,0.4,0.26875245013780036,0.71,-0.6030905693333315,0.5375049002756007,0.5,0.4,0.26875245013780036
41,inference_categories,20,0.758961913353659,0.675,-0.6834190826215955,0.25382175846347815,0.4,0.3,0.0269108792317391,0.735,-0.617451295347023,0.2704114158793917,0.4,0.3,0.03520570793969588,0.74,-0.5974809427057608,0.5126204141517304,0.5,0.3,0.2563102070758652,0.74,-0.5974809427057608,0.5126204141517304,0.5,0.3,0.2563102070758652
42,choice_only,20,0.5,0.645,-0.6878414150345352,0.2576562106105244,0.3,0.4,-0.07117189469473781,0.7,-0.6376998716125478,0.2576562106105244,0.3,0.4,-0.07117189469473781,0.7,-0.6376998716125478,0.2576562106105244,0.3,0.4,-0.07117189469473781,0.7,-0.6376998716125478,0.2576562106105244,0.3,0.4,-0.07117189469473781
42,inference_affirm,20,0.6403742601003489,0.565,-0.6910576296894639,0.24841754170417096,0.3,0.4,-0.07579122914791453,0.645,-0.6631739095400238,0.2802396234927218,0.3,0.4,-0.05988018825363911,0.65,-0.6532473486920657,0.27921310472534916,0.4,0.6,0.0396065523626746,0.65,-0.6532473486920657,0.27921310472534916,0.4,0.6,0.0396065523626746
42,inference_categories,20,0.5856526379194463,0.605,-0.6883805253710682,0.28434569856221226,0.2,0.4,-0.15782715071889386,0.675,-0.6445283091658898,0.28434569856221226,0.2,0.4,-0.15782715071889386,0.705,-0.6334560232856528,0.22275457251985578,0.3,0.5,-0.08862271374007212,0.705,-0.6334560232856528,0.22275457251985578,0.3,0.5,-0.08862271374007212
43,choice_only,20,0.5027137759857208,0.7,-0.6862966564180559,0.3369457350315592,0.5,0.6,0.1684728675157796,0.76,-0.6086680175583296,0.3412878192458835,0.5,0.6,0.17064390962294174,0.76,-0.6086680175583296,0.3412878192458835,0.5,0.6,0.17064390962294174,0.76,-0.6086680175583296,0.3412878192458835,0.5,0.6,0.17064390962294174
43,inference_affirm,20,0.658771806262169,0.665,-0.6871187228587786,0.35865615610318036,0.4,0.5,0.0793280780515902,0.745,-0.6201846429055164,0.34041940240301866,0.4,0.5,0.07020970120150935,0.69,-0.6296886207991678,0.621786459491228,0.4,0.4,0.21089322974561403,0.69,-0.6296886207991678,0.621786459491228,0.4,0.4,0.21089322974561403
43,inference_categories,20,0.5366766417382853,0.595,-0.6904214173538396,0.30741956237415463,0.4,0.4,0.05370978118707734,0.665,-0.6539345215202755,0.2709460549738312,0.4,0.4,0.03547302748691561,0.585,-0.6534470608247064,0.5662077815478779,0.3,0.3,0.08310389077393893,0.585,-0.6534470608247064,0.5662077815478779,0.3,0.3,0.08310389077393893
44,choice_only,20,0.6257600826133539,0.65,-0.6867236467907989,0.2235113795332716,0.6,0.6,0.21175568976663578,0.645,-0.6314520211040622,0.22913936391000866,0.7,0.5,0.3145696819550043,0.645,-0.6314520211040622,0.22913936391000866,0.7,0.5,0.3145696819550043,0.645,-0.6314520211040622,0.22913936391000866,0.7,0.5,0.3145696819550043
44,inference_affirm,20,0.7680740599299579,0.615,-0.6877438386688643,0.22190338399706103,0.6,0.5,0.21095169199853048,0.655,-0.6441114367396075,0.2854192076773792,0.6,0.5,0.24270960383868959,0.825,-0.6032910791698172,0.500890609529598,0.7,0.4,0.45044530476479894,0.825,-0.6032910791698172,0.500890609529598,0.7,0.4,0.45044530476479894
44,inference_categories,20,0.38085281402941756,0.64,-0.6873350371379128,0.36501498671980326,0.7,0.5,0.3825074933599016,0.78,-0.6251759717287103,0.3867229264586462,0.6,0.4,0.2933614632293231,0.815,-0.6111190133201435,0.3706429710965403,0.6,0.3,0.28532148554827014,0.815,-0.6111190133201435,0.3706429710965403,0.6,0.3,0.28532148554827014
45,choice_only,20,0.6681234822570663,0.73,-0.6835910650900873,0.3974329251922291,0.4,0.3,0.09871646259611458,0.795,-0.5999054451939998,0.47731694315586715,0.5,0.3,0.23865847157793357,0.795,-0.5999054451939998,0.47731694315586715,0.5,0.3,0.23865847157793357,0.795,-0.5999054451939998,0.47731694315586715,0.5,0.3,0.23865847157793357
45,inference_affirm,20,0.5519746450668761,0.735,-0.6831478946601663,0.4653939554001003,0.6,0.4,0.33269697770005013,0.755,-0.6046864899466817,0.4705605834275992,0.6,0.4,0.3352802917137996,0.77,-0.5969627116844711,0.5488548696904684,0.6,0.5,0.37442743484523416,0.77,-0.5969627116844711,0.5488548696904684,0.6,0.5,0.37442743484523416
45,inference_categories,20,0.703215592294176,0.655,-0.6875085078608223,0.37001005335396525,0.5,0.3,0.18500502667698263,0.775,-0.6228371668049032,0.4141251080503028,0.5,0.3,0.2070625540251514,0.67,-0.6194199162837574,0.5150730710491289,0.6,0.5,0.35753653552456444,0.67,-0.6194199162837574,0.5150730710491289,0.6,0.5,0.35753653552456444
46,choice_only,20,0.4766470906101339,0.65,-0.6839595880998104,0.3651776471192786,0.3,0.3,-0.01741117644036072,0.67,-0.6300065878592551,0.32778578697541627,0.3,0.3,-0.036107106512291876,0.67,-0.6300065878592551,0.32778578697541627,0.3,0.3,-0.036107106512291876,0.67,-0.6300065878592551,0.32778578697541627,0.3,0.3,-0.036107106512291876
46,inference_affirm,20,0.39335558303409346,0.745,-0.6842196394070951,0.37683225287840444,0.3,0.4,-0.011583873560797792,0.79,-0.6071088566917423,0.3778034700249983,0.3,0.4,-0.011098264987500855,0.7,-0.6276260063500808,0.4035407244097347,0.2,0.3,-0.09822963779513263,0.7,-0.6276260063500808,0.4035407244097347,0.2,0.3,-0.09822963779513263
46,inference_categories,20,0.40851692914678905,0.72,-0.6827354616585055,0.32292970124244713,0.2,0.3,-0.13853514937877642,0.745,-0.5987541874575174,0.34623891276069896,0.2,0.3,-0.1268805436196505,0.63,-0.6321035365130094,0.37488981858521675,0.1,0.2,-0.21255509070739165,0.63,-0.6321035365130094,0.37488981858521675,0.1,0.2,-0.21255509070739165
47,choice_only,20,0.48688015071139645,0.585,-0.6897657694468555,0.5365792312490649,0.7,0.5,0.4682896156245324,0.665,-0.6393857031827842,0.515582652634971,0.7,0.5,0.4577913263174855,0.665,-0.6393857031827842,0.515582652634971,0.7,0.5,0.4577913263174855,0.665,-0.6393857031827842,0.515582652634971,0.7,0.5,0.4577913263174855
47,inference_affirm,20,0.6104236807624849,0.595,-0.6889991985818983,0.3903808320101892,0.6,0.4,0.29519041600509455,0.665,-0.6276008102363522,0.39737969154822045,0.6,0.4,0.2986898457741102,0.645,-0.6433707440577296,0.5700182268196587,0.6,0.5,0.38500911340982935,0.645,-0.6433707440577296,0.5700182268196587,0.6,0.5,0.38500911340982935
47,inference_categories,20,0.7146318562617731,0.56,-0.6906154712211034,0.5194709079338773,0.6,0.4,0.3597354539669386,0.65,-0.6479711908029259,0.49691902720022096,0.6,0.4,0.34845951360011046,0.61,-0.648137207241431,0.6866658857868468,0.7,0.7,0.5433329428934234,0.61,-0.648137207241431,0.6866658857868468,0.7,0.7,0.5433329428934234
48,choice_only,20,0.5203671396770978,0.685,-0.6850152074005413,0.5280391596586813,0.6,0.5,0.36401957982934063,0.765,-0.6053999906649875,0.5606446250105005,0.6,0.5,0.3803223125052502,0.765,-0.6053999906649875,0.5606446250105005,0.6,0.5,0.3803223125052502,0.765,-0.6053999906649875,0.5606446250105005,0.6,0.5,0.3803223125052502
48,inference_affirm,20,0.650373771760174,0.735,-0.683093487485133,0.49543369430686224,0.6,0.5,0.3477168471534311,0.8,-0.5951725714632833,0.5542929109809254,0.7,0.6,0.47714645549046264,0.73,-0.6092591769141384,0.5437067209316334,0.7,0.7,0.47185336046581666,0.73,-0.6092591769141384,0.5437067209316334,0.7,0.7,0.47185336046581666
48,inference_categories,20,0.4292038053553067,0.74,-0.6840663666628534,0.638558983773289,0.7,0.6,0.5192794918866445,0.855,-0.5951830163373312,0.6487217262206093,0.7,0.6,0.5243608631103046,0.77,-0.6062488242570171,0.7245188469735394,0.6,0.6,0.4622594234867697,0.77,-0.6062488242570171,0.7245188469735394,0.6,0.6,0.4622594234867697
49,choice_only,20,0.5057663461404027,0.435,-0.6923853358467481,-0.1349991833765418,0.2,0.5,-0.3674995916882709,0.54,-0.6861847575385093,-0.12577262048390045,0.2,0.5,-0.3628863102419502,0.54,-0.6861847575385093,-0.12577262048390045,0.2,0.5,-0.3628863102419502,0.54,-0.6861847575385093,-0.12577262048390045,0.2,0.5,-0.3628863102419502
49,inference_affirm,20,0.4960545122369018,0.625,-0.687925086806577,-0.13645600909643252,0.2,0.5,-0.36822800454821625,0.64,-0.6569243712727176,-0.17821834639996706,0.1,0.4,-0.48910917319998354,0.665,-0.6438772977185222,-0.1427689205492924,0.2,0.5,-0.3713844602746462,0.665,-0.6438772977185222,-0.1427689205492924,0.2,0.5,-0.3713844602746462
49,inference_categories,20,0.6264451329911308,0.625,-0.6886552672405437,0.2515452409678009,0.2,0.2,-0.17422737951609954,0.625,-0.6582115966759797,0.2738832353394589,0.2,0.2,-0.16305838233027053,0.665,-0.6360325522074785,0.25834376099395767,0.3,0.4,-0.07082811950302118,0.665,-0.6360325522074785,0.25834376099395767,0.3,0.4,-0.07082811950302118
50,choice_only,20,0.6327935215560394,0.605,-0.6889809215527385,0.5539544622245473,0.4,0.3,0.17697723111227365,0.66,-0.6419810554507299,0.5716424131228638,0.5,0.4,0.2858212065614319,0.66,-0.6419810554507299,0.5716424131228638,0.5,0.4,0.2858212065614319,0.66,-0.6419810554507299,0.5716424131228638,0.5,0.4,0.2858212065614319
50,inference_affirm,20,0.6811994089464911,0.615,-0.687836266885639,0.5354625135581255,0.5,0.3,0.26773125677906273,0.67,-0.6341066946288185,0.5861143729487591,0.6,0.4,0.39305718647437954,0.735,-0.6053052290699852,0.6391782256437084,0.6,0.4,0.4195891128218542,0.735,-0.6053052290699852,0.6391782256437084,0.6,0.4,0.4195891128218542
50,inference_categories,20,0.7937581051637218,0.645,-0.6868513512308515,0.498478616225282,0.4,0.3,0.14923930811264102,0.71,-0.6422194705460785,0.5636024354418108,0.5,0.4,0.2818012177209054,0.745,-0.6075061317653393,0.6375702301074978,0.6,0.6,0.4187851150537489,0.745,-0.6075061317653393,0.6375702301074978,0.6,0.6,0.4187851150537489
51,choice_only,20,0.5114643135735399,0.825,-0.6802250866924069,0.3905684496331126,0.5,0.5,0.1952842248165563,0.815,-0.5769411957776758,0.4089145667870689,0.5,0.5,0.20445728339353444,0.815,-0.5769411957776758,0.4089145667870689,0.5,0.5,0.20445728339353444,0.815,-0.5769411957776758,0.4089145667870689,0.5,0.5,0.20445728339353444
51,inference_affirm,20,0.7359265039307374,0.74,-0.6813990244264272,0.35876851323292186,0.6,0.5,0.27938425661646094,0.77,-0.583200862990497,0.40442996037165735,0.7,0.6,0.40221498018582863,0.825,-0.5778112636421889,0.5687296317726431,0.7,0.5,0.4843648158863215,0.825,-0.5778112636421889,0.5687296317726431,0.7,0.5,0.4843648158863215
51,inference_categories,20,0.8665738576088502,0.7,-0.6855501953515634,0.5034989930030209,0.5,0.5,0.25174949650151046,0.815,-0.5927360347324214,0.5120605143415339,0.5,0.5,0.25603025717076694,0.745,-0.6096181368139441,0.6518986962039114,0.8,0.6,0.6259493481019558,0.745,-0.6096181368139441,0.6518986962039114,0.8,0.6,0.6259493481019558
52,choice_only,20,0.4981474252189082,0.705,-0.6827411303541194,0.4916226658891171,0.5,0.6,0.24581133294455856,0.725,-0.6050011318651618,0.48865853267531534,0.5,0.6,0.24432926633765767,0.725,-0.6050011318651618,0.48865853267531534,0.5,0.6,0.24432926633765767,0.725,-0.6050011318651618,0.48865853267531534,0.5,0.6,0.24432926633765767
52,inference_affirm,20,0.7451124884750846,0.73,-0.6829094749461411,0.4348806872249124,0.4,0.4,0.11744034361245623,0.77,-0.6141009564814306,0.4200600211559037,0.5,0.5,0.21003001057795184,0.76,-0.6157185296394182,0.6639658398915897,0.5,0.5,0.3319829199457949,0.76,-0.6157185296394182,0.6639658398915897,0.5,0.5,0.3319829199457949
52,inference_categories,20,0.6696119971625287,0.69,-0.6821303899389569,0.4933164562970038,0.5,0.5,0.2466582281485019,0.745,-0.6003788611722066,0.5233812360369929,0.5,0.6,0.26169061801849647,0.725,-0.6175343354705143,0.5758887386814808,0.6,0.6,0.3879443693407404,0.725,-0.6175343354705143,0.5758887386814808,0.6,0.6,0.3879443693407404
53,choice_only,20,0.4965542111366555,0.66,-0.6872985715303171,0.18509101778185663,0.4,0.5,-0.007454491109071662,0.685,-0.6479859835638421,0.17957766831601413,0.4,0.5,-0.010211165841992914,0.685,-0.6479859835638421,0.17957766831601413,0.4,0.5,-0.010211165841992914,0.685,-0.6479859835638421,0.17957766831601413,0.4,0.5,-0.010211165841992914
53,inference_affirm,20,0.6417205823293691,0.64,-0.6853480495721881,0.2827560654624959,0.4,0.4,0.04137803273124796,0.715,-0.6274170728911111,0.3071723273826557,0.4,0.4,0.053586163691327876,0.755,-0.6077753184028941,0.5158919857324089,0.4,0.3,0.15794599286620448,0.755,-0.6077753184028941,0.5158919857324089,0.4,0.3,0.15794599286620448
53,inference_categories,20,0.5073834134335583,0.58,-0.6887455467737098,0.3678191715069236,0.5,0.3,0.1839095857534618,0.68,-0.6560139178466491,0.3552172298707121,0.5,0.3,0.17760861493535604,0.635,-0.6565995767447123,0.3796334917908719,0.5,0.3,0.18981674589543596,0.635,-0.6565995767447123,0.3796334917908719,0.5,0.3,0.18981674589543596
54,choice_only,20,0.39127970860897393,0.66,-0.6829673020061549,0.5250626572136655,0.7,0.6,0.4625313286068327,0.745,-0.5967668739125744,0.5482881775959446,0.6,0.5,0.3741440887979723,0.745,-0.5967668739125744,0.5482881775959446,0.6,0.5,0.3741440887979723,0.745,-0.5967668739125744,0.5482881775959446,0.6,0.5,0.3741440887979723
54,inference_affirm,20,0.37510713609158075,0.66,-0.6844214865648474,0.5748316294614063,0.7,0.6,0.4874158147307031,0.755,-0.6065470131078,0.5748316294614063,0.7,0.6,0.4874158147307031,0.64,-0.629598824249241,0.570684215107428,0.6,0.6,0.38534210755371395,0.64,-0.629598824249241,0.570684215107428,0.6,0.6,0.38534210755371395
54,inference_categories,20,0.5552451923503162,0.67,-0.6833595235519969,0.5474586947251489,0.6,0.5,0.3737293473625744,0.775,-0.5946419231130714,0.5457997289835576,0.6,0.6,0.37289986449177875,0.665,-0.6073686387017209,0.6362133619002867,0.6,0.6,0.4181066809501433,0.665,-0.6073686387017209,0.6362133619002867,0.6,0.6,0.4181066809501433
55,choice_only,20,0.63751062020733,0.545,-0.6907082579759156,0.41413175472830027,0.4,0.4,0.10706587736415016,0.63,-0.6663642199086712,0.4399620584485725,0.5,0.5,0.21998102922428625,0.63,-0.6663642199086712,0.4399620584485725,0.5,0.5,0.21998102922428625,0.63,-0.6663642199086712,0.4399620584485725,0.5,0.5,0.21998102922428625
55,inference_affirm,20,0.7864220648740644,0.605,-0.6893109778305171,0.09019433921996722,0.3,0.4,-0.1549028303900164,0.71,-0.64235512565083,0.11560119533826786,0.3,0.4,-0.1421994023308661,0.69,-0.6221370976172022,0.4115910691164702,0.4,0.4,0.10579553455823512,0.69,-0.6221370976172022,0.4115910691164702,0.4,0.4,0.10579553455823512
55,inference_categories,20,0.7429579775463815,0.645,-0.6889182238239238,0.49289300869503216,0.4,0.4,0.1464465043475161,0.745,-0.6320825483406493,0.5089840175699559,0.4,0.4,0.15449200878497799,0.71,-0.6191916362879785,0.5174529696093895,0.6,0.6,0.3587264848046947,0.71,-0.6191916362879785,0.5174529696093895,0.6,0.6,0.3587264848046947
56,choice_only,20,0.5172224010875978,0.665,-0.685791402107592,0.43004125833571805,0.6,0.5,0.315020629167859,0.8,-0.6199803242945099,0.4576080056649307,0.6,0.6,0.32880400283246536,0.8,-0.6199803242945099,0.4576080056649307,0.6,0.6,0.32880400283246536,0.8,-0.6199803242945099,0.4576080056649307,0.6,0.6,0.32880400283246536
56,inference_affirm,20,0.7833867055280342,0.625,-0.6885236833276644,0.44736892808550877,0.5,0.5,0.22368446404275438,0.71,-0.6401446343360697,0.45682038431266747,0.5,0.4,0.22841019215633374,0.57,-0.6722086957698356,0.5615740241636756,0.7,0.6,0.4807870120818378,0.57,-0.6722086957698356,0.5615740241636756,0.7,0.6,0.4807870120818378
56,inference_categories,20,0.5368527980599478,0.665,-0.6875035630783196,0.5426711117093584,0.7,0.7,0.4713355558546792,0.745,-0.630246860900813,0.5773264512089401,0.7,0.7,0.48866322560447,0.645,-0.6529089470844565,0.6017427131290999,0.7,0.6,0.50087135656455,0.645,-0.6529089470844565,0.6017427131290999,0.7,0.6,0.50087135656455
57,choice_only,20,0.37443196544859186,0.6,-0.6906259157230141,0.4027991944024168,0.6,0.4,0.30139959720120835,0.655,-0.6437896168308558,0.397499205002385,0.5,0.4,0.1987496025011925,0.655,-0.6437896168308558,0.397499205002385,0.5,0.4,0.1987496025011925,0.655,-0.6437896168308558,0.397499205002385,0.5,0.4,0.1987496025011925
57,inference_affirm,20,0.4566474295243083,0.535,-0.6921571805028764,0.4521298649719435,0.5,0.3,0.22606493248597176,0.635,-0.6511255025973409,0.46721445018741864,0.6,0.4,0.3336072250937093,0.645,-0.6514653577030338,0.5825911425111878,0.4,0.4,0.19129557125559393,0.645,-0.6514653577030338,0.5825911425111878,0.4,0.4,0.19129557125559393
57,inference_categories,20,0.19109308379567871,0.57,-0.6912758941048881,0.6050141745882454,0.8,0.5,0.6025070872941227,0.665,-0.6622695872112981,0.6233602917422016,0.8,0.5,0.6116801458711009,0.615,-0.6632951647944734,0.6278448981576131,0.5,0.4,0.31392244907880656,0.615,-0.6632951647944734,0.6278448981576131,0.5,0.4,0.31392244907880656
58,choice_only,20,0.5056055231533778,0.75,-0.6853571475112312,0.44397603512574074,0.6,0.5,0.3219880175628703,0.835,-0.5898163555047657,0.4529452479565638,0.6,0.5,0.3264726239782819,0.835,-0.5898163555047657,0.4529452479565638,0.6,0.5,0.3264726239782819,0.835,-0.5898163555047657,0.4529452479565638,0.6,0.5,0.3264726239782819
58,inference_affirm,20,0.704104898324943,0.79,-0.6832369279779065,0.4700682906335896,0.5,0.3,0.2350341453167948,0.86,-0.5924663095734486,0.4810759609259634,0.5,0.3,0.2405379804629817,0.685,-0.6166526988883568,0.6168372278652395,0.6,0.4,0.40841861393261975,0.685,-0.6166526988883568,0.6168372278652395,0.6,0.4,0.40841861393261975
58,inference_categories,20,0.6146276810675236,0.755,-0.6831312007213723,0.35754543875599143,0.7,0.5,0.37877271937799567,0.815,-0.579501837831917,0.3758915559099476,0.7,0.5,0.38794577795497376,0.71,-0.6018290150221453,0.5442681422340349,0.7,0.5,0.4721340711170174,0.71,-0.6018290150221453,0.5442681422340349,0.7,0.5,0.4721340711170174
59,choice_only,20,0.5372575410715499,0.595,-0.6890500705607496,0.29778435061564923,0.6,0.6,0.2488921753078246,0.69,-0.6533841953839996,0.3575071173129381,0.6,0.6,0.278753558656469,0.69,-0.6533841953839996,0.3575071173129381,0.6,0.6,0.278753558656469,0.69,-0.6533841953839996,0.3575071173129381,0.6,0.6,0.278753558656469
59,inference_affirm,20,0.6052574797105605,0.565,-0.689767464843058,0.4354785071677321,0.4,0.3,0.11773925358386608,0.705,-0.6567473393331175,0.41640040113943144,0.4,0.3,0.10820020056971574,0.585,-0.6610339037733576,0.40644660668988325,0.5,0.5,0.20322330334494162,0.585,-0.6610339037733576,0.40644660668988325,0.5,0.5,0.20322330334494162
59,inference_categories,20,0.4233631503755038,0.66,-0.6882567154373739,0.2886600390368967,0.4,0.5,0.044330019518448366,0.75,-0.6352760799488361,0.2886600390368967,0.4,0.5,0.044330019518448366,0.595,-0.666963590420195,0.16506709128834035,0.4,0.5,-0.017466454355829802,0.595,-0.666963590420195,0.16506709128834035,0.4,0.5,-0.017466454355829802
60,choice_only,20,0.5196131817332925,0.68,-0.6861934332696946,0.333048791311088,0.6,0.5,0.266524395655544,0.7,-0.6317979060158497,0.36444599240127407,0.6,0.5,0.282222996200637,0.7,-0.6317979060158497,0.36444599240127407,0.6,0.5,0.282222996200637,0.7,-0.6317979060158497,0.36444599240127407,0.6,0.5,0.282222996200637
60,inference_affirm,20,0.46942850225017624,0.62,-0.6855343577071659,0.33583082178743356,0.8,0.6,0.4679154108937168,0.675,-0.6350538124578731,0.34179231566531704,0.8,0.6,0.4708961578326586,0.835,-0.5875354924891749,0.4868553333604807,0.7,0.5,0.4434276666802403,0.835,-0.5875354924891749,0.4868553333604807,0.7,0.5,0.4434276666802403
60,inference_categories,20,0.839132826943107,0.65,-0.6866781695686774,0.4471120408412578,0.7,0.5,0.42355602042062884,0.735,-0.6306708697295895,0.5059321137697076,0.8,0.5,0.5529660568848538,0.86,-0.5636849830170612,0.70782803976736,0.9,0.6,0.75391401988368,0.86,-0.5636849830170612,0.70782803976736,0.9,0.6,0.75391401988368
61,choice_only,20,0.509848835017314,0.75,-0.6826097327016558,0.5399933488879878,0.5,0.4,0.2699966744439939,0.755,-0.6091881607088164,0.5557535234331057,0.5,0.4,0.27787676171655284,0.755,-0.6091881607088164,0.5557535234331057,0.5,0.4,0.27787676171655284,0.755,-0.6091881607088164,0.5557535234331057,0.5,0.4,0.27787676171655284
61,inference_affirm,20,0.2537330074327374,0.76,-0.6848013055137219,0.6154762901303946,0.7,0.6,0.5077381450651972,0.765,-0.6222500916739633,0.6005455984560725,0.7,0.6,0.5002727992280362,0.7,-0.6211765478638032,0.5839559410401588,0.5,0.5,0.2919779705200794,0.7,-0.6211765478638032,0.5839559410401588,0.5,0.5,0.2919779705200794
61,inference_categories,20,0.2064744441141511,0.75,-0.6823814772608685,0.6436787077374478,0.8,0.7,0.6218393538687239,0.745,-0.6094201479681366,0.6461671563498348,0.8,0.7,0.6230835781749174,0.71,-0.6073249501842831,0.5051550683145692,0.6,0.6,0.3525775341572846,0.71,-0.6073249501842831,0.5051550683145692,0.6,0.6,0.3525775341572846
62,choice_only,20,0.4908279704405467,0.61,-0.687860541575794,0.35754543875599143,0.5,0.3,0.17877271937799571,0.655,-0.6400309530909007,0.34286854503282643,0.5,0.3,0.17143427251641322,0.655,-0.6400309530909007,0.34286854503282643,0.5,0.3,0.17143427251641322,0.655,-0.6400309530909007,0.34286854503282643,0.5,0.3,0.17143427251641322
62,inference_affirm,20,0.6365857592661672,0.66,-0.6876188012973814,0.3338993322020034,0.4,0.3,0.06694966610100173,0.675,-0.6357518499458645,0.32289166190962965,0.5,0.3,0.16144583095481482,0.715,-0.6236200710890034,0.5581296529725795,0.4,0.3,0.1790648264862898,0.715,-0.6236200710890034,0.5581296529725795,0.4,0.3,0.1790648264862898
62,inference_categories,20,0.21013452315801898,0.625,-0.6882065880762579,0.4708836736182099,0.5,0.3,0.23544183680910494,0.73,-0.6286785042575747,0.5185835782184961,0.5,0.4,0.25929178910924805,0.665,-0.6396831996360499,0.3412377790635859,0.3,0.3,-0.029381110468207072,0.665,-0.6396831996360499,0.3412377790635859,0.3,0.3,-0.029381110468207072
63,choice_only,20,0.5235998855549763,0.705,-0.6832541909509676,0.4823986608631762,0.5,0.3,0.2411993304315881,0.805,-0.5991284542288856,0.5201865559641249,0.5,0.3,0.26009327798206244,0.805,-0.5991284542288856,0.5201865559641249,0.5,0.3,0.26009327798206244,0.805,-0.5991284542288856,0.5201865559641249,0.5,0.3,0.26009327798206244
63,inference_affirm,20,0.4272767772327248,0.64,-0.6857678548338606,0.48561465193559733,0.7,0.6,0.4428073259677986,0.69,-0.6310436803639472,0.4896346407761238,0.7,0.6,0.4448173203880619,0.66,-0.6277205062530217,0.5684264220504426,0.6,0.6,0.38421321102522127,0.66,-0.6277205062530217,0.5684264220504426,0.6,0.6,0.38421321102522127
63,inference_categories,20,0.27141576316361,0.62,-0.6868876083010882,0.3979788952121203,0.7,0.6,0.39898944760606014,0.67,-0.6474246948295935,0.41807883941475266,0.7,0.6,0.4090394197073763,0.685,-0.627201712557077,0.6029983260789703,0.4,0.5,0.20149916303948517,0.685,-0.627201712557077,0.6029983260789703,0.4,0.5,0.20149916303948517
64,choice_only,20,0.6536511272092094,0.585,-0.6894290560183423,0.1895755053166933,0.4,0.2,-0.005212247341653334,0.595,-0.6651152880095884,0.24362638314283644,0.5,0.2,0.12181319157141822,0.595,-0.6651152880095884,0.24362638314283644,0.5,0.2,0.12181319157141822,0.595,-0.6651152880095884,0.24362638314283644,0.5,0.2,0.12181319157141822
64,inference_affirm,20,0.868784004550908,0.585,-0.6876536698518346,0.20547282232438244,0.5,0.3,0.10273641116219122,0.59,-0.6638199787132547,0.2340879929382229,0.6,0.4,0.21704399646911143,0.69,-0.6575290114712828,0.5615727232966198,0.7,0.6,0.48078636164830985,0.69,-0.6575290114712828,0.5615727232966198,0.7,0.6,0.48078636164830985
64,inference_categories,20,0.6337776305546289,0.625,-0.6870627688820545,0.3247026998820512,0.6,0.4,0.2623513499410256,0.575,-0.6646189017148597,0.3187412060041677,0.6,0.4,0.2593706030020838,0.665,-0.656830780281193,0.5440856745881617,0.6,0.5,0.37204283729408083,0.665,-0.656830780281193,0.5440856745881617,0.6,0.5,0.37204283729408083
65,choice_only,20,0.632103105152121,0.665,-0.6858354224777969,0.6131022910625794,0.6,0.6,0.4065511455312897,0.825,-0.6003900016032753,0.6296022110770115,0.7,0.7,0.5148011055385058,0.825,-0.6003900016032753,0.6296022110770115,0.7,0.7,0.5148011055385058,0.825,-0.6003900016032753,0.6296022110770115,0.7,0.7,0.5148011055385058
65,inference_affirm,20,0.5764673213680421,0.705,-0.6859035878459642,0.5575236131192295,0.4,0.5,0.17876180655961477,0.77,-0.6166992183331571,0.5722866994479319,0.5,0.5,0.28614334972396593,0.8,-0.6048874123683712,0.6808388048060373,0.4,0.4,0.24041940240301868,0.8,-0.6048874123683712,0.6808388048060373,0.4,0.4,0.24041940240301868
65,inference_categories,20,0.5535273868465116,0.675,-0.6848023756030909,0.58270770156231,0.6,0.6,0.391353850781155,0.79,-0.5957896254805339,0.5905234531480935,0.6,0.6,0.39526172657404673,0.815,-0.5891135583022289,0.6686809690059294,0.6,0.6,0.4343404845029647,0.815,-0.5891135583022289,0.6686809690059294,0.6,0.6,0.4343404845029647
66,choice_only,20,0.6224593312018545,0.625,-0.687274938745783,0.5253434419595675,0.5,0.2,0.26267172097978375,0.72,-0.6323264499304535,0.5253434419595675,0.6,0.3,0.36267172097978373,0.72,-0.6323264499304535,0.5253434419595675,0.6,0.3,0.36267172097978373,0.72,-0.6323264499304535,0.5253434419595675,0.6,0.3,0.36267172097978373
66,inference_affirm,20,0.7349123148203628,0.765,-0.683369828450559,0.5025024227439342,0.6,0.5,0.3512512113719671,0.765,-0.5988280828998914,0.4977766946303549,0.7,0.6,0.4488883473151774,0.82,-0.5997556013673355,0.5103786362665664,0.8,0.8,0.5551893181332832,0.82,-0.5997556013673355,0.5103786362665664,0.8,0.8,0.5551893181332832
66,inference_categories,20,0.4990154745820618,0.665,-0.6873101188613127,0.5970169850155206,0.8,0.5,0.5985084925077604,0.805,-0.6216669156760394,0.580476936617993,0.8,0.5,0.5902384683089965,0.705,-0.6203991913933808,0.5954417423109942,0.8,0.6,0.5977208711554971,0.705,-0.6203991913933808,0.5954417423109942,0.8,0.6,0.5977208711554971
67,choice_only,20,0.5205188451532966,0.63,-0.6878270573589031,0.2124893848461297,0.3,0.3,-0.09375530757693516,0.72,-0.6353697662301167,0.24533798540205312,0.3,0.4,-0.07733100729897345,0.72,-0.6353697662301167,0.24533798540205312,0.3,0.4,-0.07733100729897345,0.72,-0.6353697662301167,0.24533798540205312,0.3,0.4,-0.07733100729897345
67,inference_affirm,20,0.8353512736737999,0.615,-0.6894056909652619,0.24944406047154358,0.3,0.5,-0.07527796976422822,0.69,-0.644906077799353,0.3069291114444096,0.3,0.5,-0.04653544427779521,0.775,-0.6062832071671259,0.6990592805807455,0.4,0.6,0.24952964029037278,0.775,-0.6062832071671259,0.6990592805807455,0.4,0.6,0.24952964029037278
67,inference_categories,20,0.8401760166677897,0.575,-0.6909826086216238,0.4393500324354759,0.2,0.2,-0.08032498378226205,0.7,-0.6335942041199648,0.4752781892935171,0.3,0.3,0.03763909464675855,0.685,-0.627746559841422,0.703165355650236,0.4,0.4,0.251582677825118,0.685,-0.627746559841422,0.703165355650236,0.4,0.4,0.251582677825118
68,choice_only,20,0.6302668705129887,0.72,-0.685996387172987,0.5769035472634052,0.3,0.4,0.08845177363170259,0.8,-0.6030642998574236,0.5902482912392492,0.4,0.5,0.1951241456196246,0.8,-0.6030642998574236,0.5902482912392492,0.4,0.5,0.1951241456196246,0.8,-0.6030642998574236,0.5902482912392492,0.4,0.5,0.1951241456196246
68,inference_affirm,20,0.6573284745395915,0.655,-0.6877081087111386,0.6569720111184687,0.5,0.6,0.32848600555923435,0.78,-0.6291788739110289,0.6662106800248221,0.5,0.6,0.33310534001241104,0.7,-0.6289768322571586,0.7175366183934526,0.6,0.7,0.4587683091967263,0.7,-0.6289768322571586,0.7175366183934526,0.6,0.7,0.4587683091967263
68,inference_categories,20,0.8130014964942552,0.685,-0.686515752820506,0.4249787696922594,0.3,0.3,0.012489384846129686,0.775,-0.6167097220249523,0.4188196570880238,0.3,0.4,0.0094098285440119,0.68,-0.6284878689568033,0.6128317041214466,0.5,0.6,0.3064158520607233,0.68,-0.6284878689568033,0.6128317041214466,0.5,0.6,0.3064158520607233
69,choice_only,20,0.48671201935952496,0.67,-0.6872966450730218,0.5206177138459882,0.6,0.4,0.3603088569229941,0.725,-0.6274123193979715,0.4993519373348813,0.6,0.4,0.34967596866744066,0.725,-0.6274123193979715,0.4993519373348813,0.6,0.4,0.34967596866744066,0.725,-0.6274123193979715,0.4993519373348813,0.6,0.4,0.34967596866744066
69,inference_affirm,20,0.6412356354638776,0.67,-0.686911799417523,0.6119817907085218,0.7,0.7,0.5059908953542609,0.755,-0.6194512627494002,0.6230084896402068,0.7,0.7,0.5115042448201034,0.74,-0.6137971038071859,0.6442742661513137,0.8,0.6,0.6221371330756569,0.74,-0.6137971038071859,0.6442742661513137,0.8,0.6,0.6221371330756569
69,inference_categories,20,0.7762877471750961,0.66,-0.6859435440211175,0.4520946561990881,0.6,0.6,0.32604732809954406,0.735,-0.616888369496075,0.487537617050933,0.6,0.6,0.3437688085254665,0.705,-0.6197143517701522,0.5497597038797274,0.8,0.7,0.5748798519398637,0.705,-0.6197143517701522,0.5497597038797274,0.8,0.7,0.5748798519398637
70,choice_only,20,0.48588911503077403,0.545,-0.6914114246770049,0.16321648401224456,0.3,0.7,-0.11839175799387773,0.56,-0.6803470350440509,0.1406330711300472,0.3,0.7,-0.12968346443497641,0.56,-0.6803470350440509,0.1406330711300472,0.3,0.7,-0.12968346443497641,0.56,-0.6803470350440509,0.1406330711300472,0.3,0.7,-0.12968346443497641
70,inference_affirm,20,0.4884537169397413,0.565,-0.6918728640462422,0.26176228568001486,0.2,0.5,-0.16911885715999256,0.54,-0.685759070689905,0.28434569856221226,0.2,0.5,-0.15782715071889386,0.48,-0.7036731144915959,0.24328494786730795,0.2,0.4,-0.17835752606634603,0.48,-0.7036731144915959,0.24328494786730795,0.2,0.4,-0.17835752606634603
70,inference_categories,20,0.10900535790222238,0.555,-0.6910018126095943,0.24328494786730795,0.3,0.5,-0.07835752606634604,0.6,-0.666115538010682,0.2997434800728013,0.3,0.4,-0.05012825996359935,0.38,-0.7373114658244281,-0.1970916033355406,0.1,0.5,-0.4985458016677703,0.38,-0.7373114658244281,-0.1970916033355406,0.1,0.5,-0.4985458016677703
71,choice_only,20,0.5045524545698618,0.685,-0.6865155720882646,0.4438462359933784,0.2,0.3,-0.07807688200331078,0.755,-0.6200201416329981,0.45113036459283207,0.2,0.3,-0.07443481770358396,0.755,-0.6200201416329981,0.45113036459283207,0.2,0.3,-0.07443481770358396,0.755,-0.6200201416329981,0.45113036459283207,0.2,0.3,-0.07443481770358396
71,inference_affirm,20,0.3134410010183307,0.625,-0.6886592713213693,0.29185075255144466,0.3,0.3,-0.05407462372427768,0.715,-0.6375218937874585,0.34429647846751127,0.3,0.3,-0.027851760766244377,0.71,-0.6243752584512355,0.17821834639996706,0.2,0.4,-0.21089082680001647,0.71,-0.6243752584512355,0.17821834639996706,0.2,0.4,-0.21089082680001647
71,inference_categories,20,0.6540767096784641,0.66,-0.6877475707891294,0.4695834903781148,0.3,0.4,0.034791745189057394,0.705,-0.6399228222569308,0.4695834903781148,0.3,0.4,0.034791745189057394,0.69,-0.6330212473816236,0.3243865269623379,0.5,0.7,0.16219326348116894,0.69,-0.6330212473816236,0.3243865269623379,0.5,0.7,0.16219326348116894
72,choice_only,20,0.5042343747859701,0.555,-0.6908937377365986,0.24475271393962938,0.4,0.5,0.022376356969814715,0.575,-0.6631388786483755,0.25152787557117623,0.4,0.5,0.025763937785588137,0.575,-0.6631388786483755,0.25152787557117623,0.4,0.5,0.025763937785588137,0.575,-0.6631388786483755,0.25152787557117623,0.4,0.5,0.025763937785588137
72,inference_affirm,20,0.6241992001426581,0.535,-0.6905631458358227,0.47468476181025,0.5,0.5,0.237342380905125,0.655,-0.6492242807127764,0.5136419411916444,0.5,0.5,0.2568209705958222,0.665,-0.6443938155853098,0.4776488950240518,0.6,0.5,0.3388244475120259,0.665,-0.6443938155853098,0.4776488950240518,0.6,0.5,0.3388244475120259
72,inference_categories,20,0.2324040748591564,0.565,-0.6910705297532911,0.42768207799139385,0.5,0.5,0.21384103899569692,0.585,-0.6612155965808245,0.48654129466545704,0.5,0.5,0.24327064733272852,0.57,-0.6672134041974901,0.34976771922860533,0.3,0.3,-0.025116140385697344,0.57,-0.6672134041974901,0.34976771922860533,0.3,0.3,-0.025116140385697344
73,choice_only,20,0.37143804814308706,0.605,-0.687083104640434,0.6096286236911203,0.6,0.6,0.4048143118455601,0.76,-0.6158324440115854,0.599207621576742,0.5,0.5,0.299603810788371,0.76,-0.6158324440115854,0.599207621576742,0.5,0.5,0.299603810788371,0.76,-0.6158324440115854,0.599207621576742,0.5,0.5,0.299603810788371
73,inference_affirm,20,0.8017552018928473,0.645,-0.6865159496336287,0.5471026110048514,0.5,0.6,0.2735513055024257,0.74,-0.6203099913064472,0.5288658573046897,0.5,0.6,0.26443292865234486,0.755,-0.6152407137944572,0.7060228932491177,0.7,0.7,0.5530114466245588,0.755,-0.6152407137944572,0.7060228932491177,0.7,0.7,0.5530114466245588
73,inference_categories,20,0.38728235301335195,0.635,-0.6873263902513946,0.571418282605067,0.6,0.6,0.3857091413025335,0.775,-0.6197334011580353,0.5705498657622021,0.6,0.6,0.38527493288110104,0.735,-0.631498790972972,0.587918202619499,0.5,0.5,0.2939591013097495,0.735,-0.631498790972972,0.587918202619499,0.5,0.5,0.2939591013097495
74,choice_only,20,0.5123040990888909,0.67,-0.6878158072234177,0.6529381010262092,0.7,0.4,0.5264690505131046,0.745,-0.6245367473083066,0.6726286348327897,0.7,0.4,0.5363143174163948,0.745,-0.6245367473083066,0.6726286348327897,0.7,0.4,0.5363143174163948,0.745,-0.6245367473083066,0.6726286348327897,0.7,0.4,0.5363143174163948
74,inference_affirm,20,0.2787292582186127,0.65,-0.6881103839049149,0.6371856739809448,0.6,0.3,0.4185928369904724,0.765,-0.6257726225091355,0.695469654048423,0.6,0.3,0.44773482702421147,0.69,-0.6374960059617325,0.6568762077875253,0.4,0.3,0.22843810389376268,0.69,-0.6374960059617325,0.6568762077875253,0.4,0.3,0.22843810389376268
74,inference_categories,20,0.3720041283841878,0.645,-0.6886724954732338,0.6781419842986323,0.6,0.4,0.4390709921493161,0.745,-0.6273656244840428,0.6931067899916333,0.7,0.4,0.5465533949958166,0.675,-0.639991939677861,0.6686905280714737,0.5,0.4,0.33434526403573683,0.675,-0.639991939677861,0.6686905280714737,0.5,0.4,0.33434526403573683
75,choice_only,20,0.510628228985032,0.58,-0.6911297004542886,0.4063951910173781,0.2,0.2,-0.09680240449131094,0.57,-0.6885203454051944,0.42340291927581464,0.2,0.2,-0.08829854036209267,0.57,-0.6885203454051944,0.42340291927581464,0.2,0.2,-0.08829854036209267,0.57,-0.6885203454051944,0.42340291927581464,0.2,0.2,-0.08829854036209267
75,inference_affirm,20,0.6863802788108028,0.64,-0.6871890078893104,0.17858114671358358,0.3,0.3,-0.11070942664320822,0.7,-0.6454341067721089,0.21796746478575235,0.3,0.3,-0.09101626760712384,0.6,-0.6745811899903612,0.4918814041058354,0.3,0.3,0.0459407020529177,0.6,-0.6745811899903612,0.4918814041058354,0.3,0.3,0.0459407020529177
75,inference_categories,20,0.3942439559814164,0.61,-0.6884549752053101,0.513812422123293,0.4,0.5,0.15690621106164654,0.605,-0.6576781227464846,0.563045319713504,0.5,0.6,0.281522659856752,0.57,-0.678493122701382,0.5420094452885957,0.3,0.3,0.07100472264429786,0.57,-0.678493122701382,0.5420094452885957,0.3,0.3,0.07100472264429786
76,choice_only,20,0.6349232724465166,0.63,-0.6895876815621697,0.3120219696672319,0.3,0.4,-0.043989015166384066,0.67,-0.6372967334695544,0.3333806164004055,0.4,0.5,0.06669030820020277,0.67,-0.6372967334695544,0.3333806164004055,0.4,0.5,0.06669030820020277,0.67,-0.6372967334695544,0.3333806164004055,0.4,0.5,0.06669030820020277
76,inference_affirm,20,0.6745813786159146,0.675,-0.6858660316461405,0.32130833781208995,0.2,0.3,-0.139345831093955,0.71,-0.6207617752009198,0.36495426809292303,0.3,0.4,-0.017522865953538497,0.65,-0.6339693794093759,0.612900297560634,0.2,0.2,0.006450148780317022,0.65,-0.6339693794093759,0.612900297560634,0.2,0.2,0.006450148780317022
76,inference_categories,20,0.454064027866143,0.615,-0.6888259186181312,0.36495426809292303,0.4,0.5,0.08247713404646154,0.645,-0.65389924267683,0.42717293466347217,0.4,0.5,0.11358646733173611,0.58,-0.6685459649572201,0.491248874862993,0.3,0.3,0.045624437431496495,0.58,-0.6685459649572201,0.491248874862993,0.3,0.3,0.045624437431496495
77,choice_only,20,0.4990064189948444,0.595,-0.6888975564379092,0.12201190803401434,0.5,0.6,0.06100595401700717,0.585,-0.6615957340784697,0.12042217633324542,0.5,0.6,0.06021108816662271,0.585,-0.6615957340784697,0.12042217633324542,0.5,0.6,0.06021108816662271,0.585,-0.6615957340784697,0.12042217633324542,0.5,0.6,0.06021108816662271
77,inference_affirm,20,0.6059264737483804,0.665,-0.6864844466312661,0.2829722427368671,0.6,0.5,0.24148612136843353,0.675,-0.6237895633632441,0.28972860246513504,0.7,0.5,0.3448643012325675,0.645,-0.6443279530413628,0.4550606993451023,0.6,0.4,0.3275303496725511,0.645,-0.6443279530413628,0.4550606993451023,0.6,0.4,0.3275303496725511
77,inference_categories,20,0.8175404539350386,0.705,-0.686253815322649,0.39385602886549903,0.5,0.4,0.19692801443274952,0.775,-0.6157941521355177,0.4109456446487649,0.6,0.5,0.30547282232438244,0.665,-0.6322474375241529,0.5937647902371903,0.7,0.6,0.4968823951185951,0.665,-0.6322474375241529,0.5937647902371903,0.7,0.6,0.4968823951185951
78,choice_only,20,0.6224593312018545,0.605,-0.6856348162316113,0.40562499641555816,0.5,0.4,0.20281249820777908,0.72,-0.6212738908527565,0.40562499641555816,0.6,0.5,0.30281249820777906,0.72,-0.6212738908527565,0.40562499641555816,0.6,0.5,0.30281249820777906,0.72,-0.6212738908527565,0.40562499641555816,0.6,0.5,0.30281249820777906
78,inference_affirm,20,0.8451483872346045,0.635,-0.6856573991208569,0.42058980210855934,0.6,0.4,0.31029490105427965,0.745,-0.6211252668499987,0.4741480540624583,0.6,0.4,0.33707402703122913,0.74,-0.6016479635453397,0.6994077608097392,0.8,0.7,0.6497038804048696,0.74,-0.6016479635453397,0.6994077608097392,0.8,0.7,0.6497038804048696
78,inference_categories,20,0.8036970243905441,0.605,-0.6856348162316113,0.40562499641555816,0.5,0.4,0.20281249820777908,0.72,-0.6212738908527565,0.40562499641555816,0.6,0.5,0.30281249820777906,0.72,-0.5968724587074212,0.569450237686308,0.7,0.5,0.48472511884315395,0.72,-0.5968724587074212,0.569450237686308,0.7,0.5,0.48472511884315395
79,choice_only,20,0.6491198933587576,0.7,-0.6818605249248868,0.5087989824030528,0.7,0.6,0.45439949120152634,0.775,-0.5855777316276385,0.5548681210340984,0.8,0.6,0.5774340605170493,0.775,-0.5855777316276385,0.5548681210340984,0.8,0.6,0.5774340605170493,0.775,-0.5855777316276385,0.5548681210340984,0.8,0.6,0.5774340605170493
79,inference_affirm,20,0.5356126003537678,0.775,-0.6794936575854166,0.44438372661805087,0.5,0.4,0.22219186330902543,0.795,-0.5772890291217473,0.41788377961789186,0.6,0.3,0.3089418898089459,0.72,-0.6105197406866039,0.5014605355414703,0.5,0.3,0.25073026777073515,0.72,-0.6105197406866039,0.5014605355414703,0.5,0.3,0.25073026777073515
79,inference_categories,20,0.46196288241720884,0.76,-0.6793459478225945,0.4170683966332716,0.6,0.5,0.30853419831663575,0.825,-0.566326409057809,0.4423452691565002,0.6,0.3,0.32117263457825007,0.745,-0.6009368211571645,0.5560911955110288,0.5,0.3,0.2780455977555144,0.745,-0.6009368211571645,0.5560911955110288,0.5,0.3,0.2780455977555144
80,choice_only,20,0.51658357242698,0.64,-0.6850615229587053,0.5126204141517304,0.5,0.5,0.2563102070758652,0.71,-0.6187505731978203,0.5391638660171921,0.5,0.5,0.26958193300859606,0.71,-0.6187505731978203,0.5391638660171921,0.5,0.5,0.26958193300859606,0.71,-0.6187505731978203,0.5391638660171921,0.5,0.5,0.26958193300859606
80,inference_affirm,20,0.5475511243281128,0.725,-0.6814105137859683,0.5997161155852768,0.6,0.5,0.3998580577926384,0.78,-0.5957478684927843,0.6312364646755126,0.7,0.6,0.5156182323377563,0.69,-0.614470416337574,0.6760285396984793,0.6,0.6,0.43801426984923963,0.69,-0.614470416337574,0.6760285396984793,0.6,0.6,0.43801426984923963
80,inference_categories,20,0.41422033725146495,0.725,-0.6814105137859683,0.5997161155852768,0.6,0.5,0.3998580577926384,0.78,-0.5957478684927843,0.6312364646755126,0.7,0.6,0.5156182323377563,0.725,-0.6048923397123588,0.661097848024157,0.5,0.5,0.3305489240120785,0.725,-0.6048923397123588,0.661097848024157,0.5,0.5,0.3305489240120785
81,choice_only,20,0.5082940678331658,0.685,-0.687811474886168,0.4172298840102271,0.5,0.4,0.20861494200511355,0.755,-0.6255956375630657,0.430501609942958,0.5,0.4,0.215250804971479,0.755,-0.6255956375630657,0.430501609942958,0.5,0.4,0.215250804971479,0.755,-0.6255956375630657,0.430501609942958,0.5,0.4,0.215250804971479
81,inference_affirm,20,0.35392096362508996,0.69,-0.6841932338243301,0.4213772983642055,0.6,0.6,0.3106886491821027,0.84,-0.5961183349301813,0.4238657469765925,0.6,0.6,0.31193287348829624,0.76,-0.609330025036549,0.5806380095569761,0.4,0.4,0.19031900477848807,0.76,-0.609330025036549,0.5806380095569761,0.4,0.4,0.19031900477848807
81,inference_categories,20,0.3116043905227946,0.7,-0.6840250481230922,0.5051550683145692,0.5,0.4,0.2525775341572846,0.77,-0.6061151344995708,0.5234036914720741,0.5,0.4,0.26170184573603705,0.69,-0.6151432311779775,0.5881033553941372,0.3,0.3,0.09405167769706857,0.69,-0.6151432311779775,0.5881033553941372,0.3,0.3,0.09405167769706857
82,choice_only,20,0.5050248168797141,0.66,-0.6859212078231272,0.3336590737636968,0.5,0.3,0.1668295368818484,0.77,-0.603511445664016,0.34169905144474977,0.5,0.3,0.17084952572237488,0.77,-0.603511445664016,0.34169905144474977,0.5,0.3,0.17084952572237488,0.77,-0.603511445664016,0.34169905144474977,0.5,0.3,0.17084952572237488
82,inference_affirm,20,0.7034558467361959,0.66,-0.6859212078231272,0.3336590737636968,0.5,0.3,0.1668295368818484,0.77,-0.603511445664016,0.34169905144474977,0.5,0.3,0.17084952572237488,0.74,-0.6011033607809911,0.47918266979075497,0.6,0.5,0.33959133489537746,0.74,-0.6011033607809911,0.47918266979075497,0.6,0.5,0.33959133489537746
82,inference_categories,20,0.7047121905925792,0.675,-0.6858834868496144,0.30391115634380095,0.5,0.4,0.15195557817190047,0.785,-0.6024480351236697,0.32320710277832804,0.6,0.5,0.261603551389164,0.74,-0.6014175520052567,0.45184674567517497,0.6,0.5,0.32592337283758743,0.74,-0.6014175520052567,0.45184674567517497,0.6,0.5,0.32592337283758743
83,choice_only,20,0.5315677136767257,0.575,-0.6906620637078228,0.49411926308720866,0.5,0.6,0.24705963154360433,0.64,-0.6650993884877208,0.5446948760662436,0.5,0.6,0.2723474380331218,0.64,-0.6650993884877208,0.5446948760662436,0.5,0.6,0.2723474380331218,0.64,-0.6650993884877208,0.5446948760662436,0.5,0.6,0.2723474380331218
83,inference_affirm,20,0.3982592571534124,0.645,-0.6885641488377868,0.5388764427146732,0.5,0.5,0.2694382213573366,0.735,-0.6423802883899736,0.5455900196587928,0.5,0.5,0.2727950098293964,0.575,-0.668755710741645,0.5737870428240956,0.4,0.6,0.18689352141204785,0.575,-0.668755710741645,0.5737870428240956,0.4,0.6,0.18689352141204785
83,inference_categories,20,0.8065007304033524,0.55,-0.6915426538832188,0.20946360065653413,0.2,0.3,-0.19526819967173292,0.66,-0.6546408621808518,0.19737916215711868,0.2,0.3,-0.20131041892144064,0.6,-0.6747624691067483,0.3804360268334487,0.4,0.6,0.09021801341672436,0.6,-0.6747624691067483,0.3804360268334487,0.4,0.6,0.09021801341672436
84,choice_only,20,0.5188690986734319,0.725,-0.6852230246836735,0.24760071239475873,0.4,0.3,0.023800356197379385,0.71,-0.6370652802088651,0.27780561470936815,0.4,0.3,0.0389028073546841,0.71,-0.6370652802088651,0.27780561470936815,0.4,0.3,0.0389028073546841,0.71,-0.6370652802088651,0.27780561470936815,0.4,0.3,0.0389028073546841
84,inference_affirm,20,0.5956800326533049,0.735,-0.6848206242282064,0.47215031512836825,0.5,0.4,0.23607515756418412,0.745,-0.6209962292986166,0.4391633823374132,0.5,0.4,0.2195816911687066,0.705,-0.6311340731182993,0.6271491559533376,0.5,0.5,0.3135745779766688,0.705,-0.6311340731182993,0.6271491559533376,0.5,0.5,0.3135745779766688
84,inference_categories,20,0.30362447067618525,0.695,-0.6870017247347734,0.5122910405727833,0.7,0.4,0.4561455202863916,0.775,-0.6253133219166318,0.5039449491437465,0.7,0.4,0.45197247457187323,0.695,-0.6355270440542538,0.5802520707806544,0.5,0.4,0.2901260353903272,0.695,-0.6355270440542538,0.5802520707806544,0.5,0.4,0.2901260353903272
85,choice_only,20,0.539073949344001,0.545,-0.6918836271704168,0.16143406675796318,0.1,0.3,-0.3192829666210184,0.575,-0.6858017940799747,0.2240801225147847,0.1,0.3,-0.28795993874260767,0.575,-0.6858017940799747,0.2240801225147847,0.1,0.3,-0.28795993874260767,0.575,-0.6858017940799747,0.2240801225147847,0.1,0.3,-0.28795993874260767
85,inference_affirm,20,0.5988254027601672,0.595,-0.690151351827867,0.3156397424670624,0.1,0.2,-0.24218012876646883,0.655,-0.6518876228153946,0.35539589323581444,0.1,0.2,-0.2223020533820928,0.575,-0.6602943103263834,0.47586907738354817,0.1,0.2,-0.16206546130822594,0.575,-0.6602943103263834,0.47586907738354817,0.1,0.2,-0.16206546130822594
85,inference_categories,20,0.7461667004869098,0.56,-0.6917250210003695,0.31082081510115306,0.2,0.3,-0.14458959244942346,0.55,-0.6800801027786076,0.3662384798091105,0.2,0.4,-0.11688076009544474,0.59,-0.6705406579144139,0.5421293286648018,0.3,0.4,0.07106466433240088,0.59,-0.6705406579144139,0.5421293286648018,0.3,0.4,0.07106466433240088
86,choice_only,20,0.6375122588807528,0.625,-0.6889492704948753,0.43995824818779766,0.6,0.5,0.31997912409389884,0.765,-0.6256177366727128,0.4657913883252925,0.7,0.6,0.43289569416264617,0.765,-0.6256177366727128,0.4657913883252925,0.7,0.6,0.43289569416264617,0.765,-0.6256177366727128,0.4657913883252925,0.7,0.6,0.43289569416264617
86,inference_affirm,20,0.889435888935838,0.7,-0.6842654238731037,0.15499884082496937,0.4,0.1,-0.022500579587515293,0.74,-0.6237025668537942,0.17526792000977304,0.4,0.1,-0.01236603999511346,0.735,-0.6291210646615035,0.5889955951348836,0.6,0.4,0.3944977975674418,0.735,-0.6291210646615035,0.5889955951348836,0.6,0.4,0.3944977975674418
86,inference_categories,20,0.4793379163844076,0.62,-0.6860483038533856,0.39226629716473016,0.6,0.3,0.29613314858236506,0.775,-0.600820799018806,0.4033944190701126,0.6,0.3,0.3016972095350563,0.68,-0.6276934137549275,0.5591881257454664,0.5,0.4,0.2795940628727332,0.68,-0.6276934137549275,0.5591881257454664,0.5,0.4,0.2795940628727332
87,choice_only,20,0.3704819231136146,0.6,-0.6875688532884099,0.4478267568346485,0.6,0.4,0.32391337841732426,0.665,-0.6458636232159287,0.43576679031306914,0.5,0.3,0.21788339515653457,0.665,-0.6458636232159287,0.43576679031306914,0.5,0.3,0.21788339515653457,0.665,-0.6458636232159287,0.43576679031306914,0.5,0.3,0.21788339515653457
87,inference_affirm,20,0.5713666428766709,0.645,-0.688333525672115,0.3730549644008562,0.5,0.4,0.1865274822004281,0.725,-0.6416089898742621,0.4204908327190685,0.6,0.4,0.31024541635953423,0.62,-0.6589586932865763,0.4880266452399131,0.5,0.5,0.24401332261995656,0.62,-0.6589586932865763,0.4880266452399131,0.5,0.5,0.24401332261995656
87,inference_categories,20,0.7102209764809695,0.59,-0.688438826142651,0.23798333935916688,0.5,0.5,0.11899166967958344,0.605,-0.6656551255995725,0.1841154888961122,0.5,0.5,0.0920577444480561,0.595,-0.663967023025618,0.5965663439341279,0.5,0.4,0.29828317196706394,0.595,-0.663967023025618,0.5965663439341279,0.5,0.4,0.29828317196706394
88,choice_only,20,0.6346238315142171,0.56,-0.6891215088989583,0.4819713477899881,0.4,0.4,0.14098567389499408,0.69,-0.6474286280794861,0.5028133520187444,0.5,0.5,0.2514066760093722,0.69,-0.6474286280794861,0.5028133520187444,0.5,0.5,0.2514066760093722,0.69,-0.6474286280794861,0.5028133520187444,0.5,0.5,0.2514066760093722
88,inference_affirm,20,0.5780567218567148,0.65,-0.686661503971493,0.5801024510337154,0.7,0.7,0.49005122551685765,0.78,-0.6159694232261592,0.593128703676688,0.7,0.7,0.49656435183834396,0.68,-0.6202994892264857,0.7060228932491177,0.7,0.7,0.5530114466245588,0.68,-0.6202994892264857,0.7060228932491177,0.7,0.7,0.5530114466245588
88,inference_categories,20,0.6334631137354029,0.735,-0.683404129613368,0.49673443411869045,0.5,0.6,0.24836721705934522,0.805,-0.5966933760821174,0.532339524676149,0.5,0.5,0.2661697623380745,0.74,-0.6087393412652605,0.715575478520631,0.5,0.5,0.3577877392603155,0.74,-0.6087393412652605,0.715575478520631,0.5,0.5,0.3577877392603155
89,choice_only,20,0.49801284583658856,0.58,-0.6905264125879139,0.5488548696904684,0.9,0.6,0.6744274348452342,0.735,-0.6442436959356287,0.5456754062889305,0.9,0.6,0.6728377031444652,0.735,-0.6442436959356287,0.5456754062889305,0.9,0.6,0.6728377031444652,0.735,-0.6442436959356287,0.5456754062889305,0.9,0.6,0.6728377031444652
89,inference_affirm,20,0.5384253980509357,0.555,-0.691595282427285,0.6029057475166115,0.7,0.5,0.5014528737583057,0.69,-0.6511646946712553,0.6593412228939082,0.8,0.5,0.6296706114469541,0.67,-0.6429639212769228,0.6645078509214071,0.7,0.5,0.5322539254607035,0.67,-0.6429639212769228,0.6645078509214071,0.7,0.5,0.5322539254607035
89,inference_categories,20,0.5381784601006403,0.575,-0.6908496215988811,0.5432908087377772,0.7,0.4,0.4716454043688886,0.74,-0.6372553564138418,0.555213796493544,0.8,0.5,0.577606898246772,0.67,-0.6387140649149723,0.6044954792173804,0.7,0.5,0.5022477396086902,0.67,-0.6387140649149723,0.6044954792173804,0.7,0.5,0.5022477396086902
90,choice_only,20,0.4888231282304545,0.74,-0.6815625306601547,0.5816829927163776,0.7,0.4,0.49084149635818874,0.775,-0.592266204256837,0.5637970183414088,0.7,0.5,0.48189850917070437,0.775,-0.592266204256837,0.5637970183414088,0.7,0.5,0.48189850917070437,0.775,-0.592266204256837,0.5637970183414088,0.7,0.5,0.48189850917070437
90,inference_affirm,20,0.6569423659007396,0.605,-0.6865532872883281,0.42848573393947065,0.6,0.4,0.3142428669697353,0.665,-0.6379088102786238,0.43004103605903315,0.6,0.4,0.3150205180295166,0.74,-0.6197151909409753,0.48836486554262715,0.7,0.6,0.44418243277131353,0.74,-0.6197151909409753,0.48836486554262715,0.7,0.6,0.44418243277131353
90,inference_categories,20,0.6405529952851075,0.735,-0.6818908019285449,0.5824606437761588,0.6,0.4,0.3912303218880794,0.815,-0.5883769231980196,0.5412451376077524,0.6,0.4,0.3706225688038762,0.77,-0.5865699167882227,0.613566686167409,0.7,0.6,0.5067833430837044,0.77,-0.5865699167882227,0.613566686167409,0.7,0.6,0.5067833430837044
91,choice_only,20,0.5058741095542452,0.575,-0.6889410027370024,0.45294265782994125,0.4,0.4,0.12647132891497065,0.71,-0.6289757050487941,0.4623416655517088,0.4,0.4,0.13117083277585442,0.71,-0.6289757050487941,0.4623416655517088,0.4,0.4,0.13117083277585442,0.71,-0.6289757050487941,0.4623416655517088,0.4,0.4,0.13117083277585442
91,inference_affirm,20,0.4826635452668195,0.69,-0.6857654226389852,0.5169454246972156,0.3,0.3,0.05847271234860779,0.715,-0.6158326592195772,0.507546416975448,0.3,0.3,0.05377320848772399,0.67,-0.6392383577118411,0.4891959733281876,0.3,0.3,0.044597986664093786,0.67,-0.6392383577118411,0.4891959733281876,0.3,0.3,0.044597986664093786
91,inference_categories,20,0.3319963973203526,0.64,-0.6871118252347634,0.5236590016413353,0.4,0.4,0.16182950082066766,0.675,-0.6323120567696744,0.5285822914003563,0.5,0.5,0.26429114570017814,0.595,-0.6663807042744385,0.44399122190444834,0.3,0.3,0.02199561095222416,0.595,-0.6663807042744385,0.44399122190444834,0.3,0.3,0.02199561095222416
92,choice_only,20,0.5,0.64,-0.6876282826411314,0.48349033943249803,0.4,0.4,0.14174516971624904,0.705,-0.6385444220124055,0.48349033943249803,0.4,0.4,0.14174516971624904,0.705,-0.6385444220124055,0.48349033943249803,0.4,0.4,0.14174516971624904,0.705,-0.6385444220124055,0.48349033943249803,0.4,0.4,0.14174516971624904
92,inference_affirm,20,0.5358664479962861,0.635,-0.6886293164777478,0.5163389399884215,0.3,0.4,0.05816946999421074,0.74,-0.6349761391413323,0.5348162778011284,0.3,0.5,0.06740813890056419,0.64,-0.6509143606418826,0.5738239909612874,0.3,0.5,0.08691199548064371,0.64,-0.6509143606418826,0.5738239909612874,0.3,0.5,0.08691199548064371
92,inference_categories,20,0.5900050523433462,0.68,-0.6853488161566875,0.46809255792190896,0.3,0.3,0.03404627896095447,0.78,-0.6201131219688988,0.5194184962905393,0.4,0.4,0.15970924814526966,0.655,-0.6544425419866677,0.4136870632511607,0.4,0.6,0.10684353162558038,0.655,-0.6544425419866677,0.4136870632511607,0.4,0.6,0.10684353162558038
93,choice_only,20,0.3463488727907906,0.625,-0.6879721435122739,0.32549756573243566,0.7,0.5,0.3627487828662178,0.705,-0.633506107275407,0.2714466879062925,0.6,0.4,0.23572334395314623,0.705,-0.633506107275407,0.2714466879062925,0.6,0.4,0.23572334395314623,0.705,-0.633506107275407,0.2714466879062925,0.6,0.4,0.23572334395314623
93,inference_affirm,20,0.9212031039849328,0.685,-0.6866606839304672,0.44750947376645,0.6,0.3,0.323754736883225,0.76,-0.6202523338617189,0.39306116301511457,0.6,0.3,0.2965305815075573,0.595,-0.6567142700326708,0.8310322465769512,0.9,0.8,0.8155161232884756,0.595,-0.6567142700326708,0.8310322465769512,0.9,0.8,0.8155161232884756
93,inference_categories,20,0.9046638737381449,0.625,-0.6879099599450821,0.4447274432901044,0.5,0.3,0.2223637216450522,0.71,-0.628111358573213,0.4276378275068385,0.5,0.3,0.21381891375341924,0.68,-0.6471615729748339,0.7447893018102374,0.8,0.6,0.6723946509051187,0.68,-0.6471615729748339,0.7447893018102374,0.8,0.6,0.6723946509051187
94,choice_only,20,0.5406136743979718,0.675,-0.6877132029415896,0.25125287486515874,0.6,0.4,0.22562643743257935,0.79,-0.6125136256522437,0.3163782366016799,0.6,0.4,0.2581891183008399,0.79,-0.6125136256522437,0.3163782366016799,0.6,0.4,0.2581891183008399,0.79,-0.6125136256522437,0.3163782366016799,0.6,0.4,0.2581891183008399
94,inference_affirm,20,0.7604425291325899,0.635,-0.687655850587139,0.22196572994222616,0.7,0.4,0.31098286497111305,0.745,-0.6199178970789149,0.2739889478974354,0.7,0.4,0.3369944739487176,0.78,-0.59902249662664,0.4840086055684653,0.8,0.4,0.5420043027842327,0.78,-0.59902249662664,0.4840086055684653,0.8,0.4,0.5420043027842327
94,inference_categories,20,0.6594595268648086,0.59,-0.6920086811706548,0.11637786535165329,0.5,0.4,0.05818893267582664,0.59,-0.6736764837118158,0.09287107797929949,0.5,0.4,0.04643553898964974,0.595,-0.6660893993617998,0.18073251274809732,0.6,0.5,0.19036625637404864,0.595,-0.6660893993617998,0.18073251274809732,0.6,0.5,0.19036625637404864
95,choice_only,20,0.5168547584849313,0.655,-0.6859030251767905,0.4957665958384282,0.7,0.6,0.44788329791921405,0.695,-0.6298738477972718,0.5227444311009295,0.7,0.6,0.4613722155504647,0.695,-0.6298738477972718,0.5227444311009295,0.7,0.6,0.4613722155504647,0.695,-0.6298738477972718,0.5227444311009295,0.7,0.6,0.4613722155504647
95,inference_affirm,20,0.6323912506586398,0.745,-0.6845545380915522,0.4981124945569066,0.5,0.3,0.2490562472784533,0.74,-0.6110722169062207,0.511405920628284,0.6,0.4,0.355702960314142,0.715,-0.6152203339848651,0.7151081260161556,0.5,0.3,0.3575540630080778,0.715,-0.6152203339848651,0.7151081260161556,0.5,0.3,0.3575540630080778
95,inference_categories,20,0.89657952307702,0.625,-0.6882537005204838,0.29128242421106393,0.4,0.4,0.045641212105531986,0.605,-0.6540989075305328,0.2756430994212082,0.5,0.5,0.1378215497106041,0.64,-0.6353277796679265,0.5551960300398803,0.7,0.7,0.4775980150199401,0.64,-0.6353277796679265,0.5551960300398803,0.7,0.7,0.4775980150199401
96,choice_only,20,0.6363634398645684,0.745,-0.6826862508599234,0.6366875461579511,0.7,0.6,0.5183437730789755,0.785,-0.6022452689778736,0.6605335216694848,0.8,0.5,0.6302667608347424,0.785,-0.6022452689778736,0.6605335216694848,0.8,0.5,0.6302667608347424,0.785,-0.6022452689778736,0.6605335216694848,0.8,0.5,0.6302667608347424
96,inference_affirm,20,0.7302315297119614,0.7,-0.6846807983234879,0.5341498514583559,0.7,0.5,0.4670749257291779,0.755,-0.6155877954427773,0.5166628027498978,0.7,0.5,0.4583314013749489,0.67,-0.6411662501226421,0.7324688811292782,0.8,0.7,0.6662344405646392,0.67,-0.6411662501226421,0.7324688811292782,0.8,0.7,0.6662344405646392
96,inference_categories,20,0.5544304721579114,0.755,-0.6820188594787474,0.6927255886100553,0.8,0.6,0.6463627943050276,0.805,-0.5986771171022877,0.6772257045275585,0.8,0.5,0.6386128522637793,0.695,-0.6258444135345038,0.7801608321523457,0.8,0.7,0.6900804160761729,0.695,-0.6258444135345038,0.7801608321523457,0.8,0.7,0.6900804160761729
97,choice_only,20,0.5125598223911563,0.685,-0.6864359534906325,0.3199911117059068,0.4,0.5,0.059995555852953436,0.7,-0.6384632712599062,0.3400910559085392,0.4,0.5,0.07004552795426963,0.7,-0.6384632712599062,0.3400910559085392,0.4,0.5,0.07004552795426963,0.7,-0.6384632712599062,0.3400910559085392,0.4,0.5,0.07004552795426963
97,inference_affirm,20,0.22152685431615363,0.59,-0.6897905975823453,0.2918511898222216,0.6,0.7,0.24592559491111077,0.72,-0.6395774853700117,0.32079510947401213,0.5,0.6,0.16039755473700607,0.695,-0.6206613778869182,0.38913491976296205,0.3,0.3,-0.005432540118518986,0.695,-0.6206613778869182,0.38913491976296205,0.3,0.3,-0.005432540118518986
97,inference_categories,20,0.5616147248185425,0.65,-0.6873484007339679,0.3818989398500144,0.5,0.7,0.1909494699250072,0.74,-0.641177304063492,0.3714469688646456,0.5,0.7,0.1857234844323228,0.745,-0.6219817485837513,0.6809861095851837,0.4,0.4,0.24049305479259186,0.745,-0.6219817485837513,0.6809861095851837,0.4,0.4,0.24049305479259186
98,choice_only,20,0.38245645716304927,0.685,-0.6834552290363777,0.3823304740349244,0.5,0.6,0.1911652370174622,0.715,-0.621596137921784,0.3906765654639612,0.4,0.5,0.09533828273198061,0.715,-0.621596137921784,0.3906765654639612,0.4,0.5,0.09533828273198061,0.715,-0.621596137921784,0.3906765654639612,0.4,0.5,0.09533828273198061
98,inference_affirm,20,0.6146695875672339,0.695,-0.6843214946765351,0.39306116301511457,0.6,0.6,0.2965305815075573,0.725,-0.6259602649822749,0.3596767972989673,0.6,0.6,0.2798383986494836,0.725,-0.6158553269594041,0.5798546378554623,0.6,0.5,0.38992731892773114,0.725,-0.6158553269594041,0.5798546378554623,0.6,0.5,0.38992731892773114
98,inference_categories,20,0.5307621492788447,0.64,-0.6845143969502626,0.300061858520133,0.5,0.6,0.1500309292600665,0.665,-0.6261957839801053,0.22534446858399393,0.4,0.6,0.012672234291996987,0.66,-0.6302709598734146,0.34934354124396944,0.5,0.5,0.17467177062198472,0.66,-0.6302709598734146,0.34934354124396944,0.5,0.5,0.17467177062198472
99,choice_only,20,0.6320047037581037,0.715,-0.6842534611105634,0.5490216482055649,0.6,0.5,0.3745108241027824,0.74,-0.6093921173216081,0.5653523204609713,0.7,0.5,0.4826761602304856,0.74,-0.6093921173216081,0.5653523204609713,0.7,0.5,0.4826761602304856,0.74,-0.6093921173216081,0.5653523204609713,0.7,0.5,0.4826761602304856
99,inference_affirm,20,0.6989213025650973,0.765,-0.6825735024536121,0.54591104396644,0.7,0.6,0.47295552198321994,0.77,-0.5952379367401742,0.5521322524446899,0.7,0.6,0.4760661262223449,0.805,-0.5919943821157418,0.6827776304879405,0.8,0.7,0.6413888152439703,0.805,-0.5919943821157418,0.6827776304879405,0.8,0.7,0.6413888152439703
99,inference_categories,20,0.5233126165295137,0.695,-0.6848475734648579,0.5420227886675336,0.7,0.3,0.47101139433376676,0.735,-0.6081988113397346,0.5280250695914711,0.7,0.4,0.4640125347957355,0.72,-0.6248038880513309,0.5793500395370338,0.7,0.3,0.48967501976851685,0.72,-0.6248038880513309,0.5793500395370338,0.7,0.3,0.48967501976851685
